date,item_id,item_desc,original_index,rebased_index,ln_rebased_index
2005-02-01,430536,TOILET ROLLS,99.225,99.225,4.597
2005-03-01,430536,TOILET ROLLS,100.434,100.434,4.61
2005-04-01,430536,TOILET ROLLS,97.651,97.651,4.581
2005-05-01,430536,TOILET ROLLS,96.824,96.824,4.573
2005-06-01,430536,TOILET ROLLS,97.321,97.321,4.578
2005-07-01,430536,TOILET ROLLS,96.711,96.711,4.572
2005-08-01,430536,TOILET ROLLS,97.589,97.589,4.581
2005-09-01,430536,TOILET ROLLS,96.93,96.93,4.574
2005-10-01,430536,TOILET ROLLS,96.516,96.516,4.57
2005-11-01,430536,TOILET ROLLS,98.735,98.735,4.592
2005-12-01,430536,TOILET ROLLS,100.893,100.893,4.614
2006-01-01,430536,TOILET ROLLS,102.002,102.002,4.625
2006-02-01,430536,TOILET ROLLS,99.834,101.833,4.623
2006-03-01,430536,TOILET ROLLS,101.913,103.953,4.644
2006-04-01,430536,TOILET ROLLS,102.865,104.924,4.653
2006-05-01,430536,TOILET ROLLS,101.985,104.027,4.645
2006-06-01,430536,TOILET ROLLS,101.662,103.697,4.641
2006-07-01,430536,TOILET ROLLS,100.51,102.522,4.63
2006-08-01,430536,TOILET ROLLS,99.639,101.634,4.621
2006-09-01,430536,TOILET ROLLS,103.466,105.537,4.659
2006-10-01,430536,TOILET ROLLS,101.521,103.553,4.64
2006-11-01,430536,TOILET ROLLS,103.829,105.908,4.663
2006-12-01,430536,TOILET ROLLS,103.378,105.448,4.658
2007-01-01,430536,TOILET ROLLS,106.473,108.605,4.688
2007-02-01,430536,TOILET ROLLS,103.667,112.587,4.724
2007-03-01,430536,TOILET ROLLS,105.378,114.445,4.74
2007-04-01,430536,TOILET ROLLS,105.256,114.313,4.739
2007-05-01,430536,TOILET ROLLS,104.296,113.27,4.73
2007-06-01,430536,TOILET ROLLS,103.455,112.357,4.722
2007-07-01,430536,TOILET ROLLS,101.777,110.534,4.705
2007-08-01,430536,TOILET ROLLS,97.049,105.4,4.658
2007-09-01,430536,TOILET ROLLS,99.233,107.772,4.68
2007-10-01,430536,TOILET ROLLS,102.061,110.843,4.708
2007-11-01,430536,TOILET ROLLS,104.174,113.138,4.729
2007-12-01,430536,TOILET ROLLS,103.796,112.727,4.725
2008-01-01,430536,TOILET ROLLS,102.382,111.192,4.711
2008-02-01,430536,TOILET ROLLS,100.792,112.072,4.719
2008-03-01,430536,TOILET ROLLS,101.914,113.32,4.73
2008-04-01,430536,TOILET ROLLS,106.569,118.496,4.775
2008-05-01,430536,TOILET ROLLS,108.153,120.257,4.79
2008-06-01,430536,TOILET ROLLS,109.483,121.736,4.802
2008-07-01,430536,TOILET ROLLS,109.281,121.511,4.8
2008-08-01,430536,TOILET ROLLS,108.881,121.066,4.796
2008-09-01,430536,TOILET ROLLS,106.691,118.631,4.776
2008-10-01,430536,TOILET ROLLS,111.86,124.379,4.823
2008-11-01,430536,TOILET ROLLS,112.366,124.942,4.828
2008-12-01,430536,TOILET ROLLS,108.324,120.447,4.791
2009-01-01,430536,TOILET ROLLS,114,126.758,4.842
2009-02-01,430536,TOILET ROLLS,96.417,122.217,4.806
2009-03-01,430536,TOILET ROLLS,98.94,125.415,4.832
2009-04-01,430536,TOILET ROLLS,97.74,123.894,4.819
2009-05-01,430536,TOILET ROLLS,99.027,125.525,4.833
2009-06-01,430536,TOILET ROLLS,100.865,127.855,4.851
2009-07-01,430536,TOILET ROLLS,101.092,128.143,4.853
2009-08-01,430536,TOILET ROLLS,98.734,125.154,4.83
2009-09-01,430536,TOILET ROLLS,101.346,128.465,4.856
2009-10-01,430536,TOILET ROLLS,96.751,122.64,4.809
2009-11-01,430536,TOILET ROLLS,99.646,126.31,4.839
2009-12-01,430536,TOILET ROLLS,96.282,122.045,4.804
2010-01-01,430536,TOILET ROLLS,100.47,127.354,4.847
2010-02-01,430536,TOILET ROLLS,98.825,125.858,4.835
2010-03-01,430536,TOILET ROLLS,94.075,119.808,4.786
2010-04-01,430536,TOILET ROLLS,95.187,121.225,4.798
2010-05-01,430536,TOILET ROLLS,96.846,123.337,4.815
2010-06-01,430536,TOILET ROLLS,97.842,124.606,4.825
2010-07-01,430536,TOILET ROLLS,98.84,125.877,4.835
2010-08-01,430536,TOILET ROLLS,98.976,126.05,4.837
2010-09-01,430536,TOILET ROLLS,99.126,126.241,4.838
2010-10-01,430536,TOILET ROLLS,98.812,125.841,4.835
2010-11-01,430536,TOILET ROLLS,98.306,125.197,4.83
2010-12-01,430536,TOILET ROLLS,99.876,127.196,4.846
2011-01-01,430536,TOILET ROLLS,100.674,128.213,4.854
2011-02-01,430536,TOILET ROLLS,99.71,127.841,4.851
2011-03-01,430536,TOILET ROLLS,98.352,126.1,4.837
2011-04-01,430536,TOILET ROLLS,93.9,120.392,4.791
2011-05-01,430536,TOILET ROLLS,97.497,125.003,4.828
2011-06-01,430536,TOILET ROLLS,97.186,124.605,4.825
2011-07-01,430536,TOILET ROLLS,99.9,128.084,4.853
2011-08-01,430536,TOILET ROLLS,100.832,129.279,4.862
2011-09-01,430536,TOILET ROLLS,100.79,129.225,4.862
2011-10-01,430536,TOILET ROLLS,100.668,129.069,4.86
2011-11-01,430536,TOILET ROLLS,98.345,126.091,4.837
2011-12-01,430536,TOILET ROLLS,99.911,128.098,4.853
2012-01-01,430536,TOILET ROLLS,100.037,128.26,4.854
2012-02-01,430536,TOILET ROLLS,102.727,131.758,4.881
2012-03-01,430536,TOILET ROLLS,101.758,130.515,4.871
2012-04-01,430536,TOILET ROLLS,100.782,129.263,4.862
2012-05-01,430536,TOILET ROLLS,96.929,124.321,4.823
2012-06-01,430536,TOILET ROLLS,97.87,125.528,4.833
2012-07-01,430536,TOILET ROLLS,95.452,122.427,4.808
2012-08-01,430536,TOILET ROLLS,94.645,121.392,4.799
2012-09-01,430536,TOILET ROLLS,96.526,123.804,4.819
2012-10-01,430536,TOILET ROLLS,95.27,122.193,4.806
2012-11-01,430536,TOILET ROLLS,94.371,121.04,4.796
2012-12-01,430536,TOILET ROLLS,93.046,119.341,4.782
2013-01-01,430536,TOILET ROLLS,92.58,118.743,4.777
2013-02-01,430536,TOILET ROLLS,103.924,123.403,4.815
2013-03-01,430536,TOILET ROLLS,99.667,118.348,4.774
2013-04-01,430536,TOILET ROLLS,103.436,122.823,4.811
2013-05-01,430536,TOILET ROLLS,99.959,118.694,4.777
2013-06-01,430536,TOILET ROLLS,102.053,121.181,4.797
2013-07-01,430536,TOILET ROLLS,99.613,118.284,4.773
2013-08-01,430536,TOILET ROLLS,101.292,120.277,4.79
2013-09-01,430536,TOILET ROLLS,100.29,119.087,4.78
2013-10-01,430536,TOILET ROLLS,104,123.493,4.816
2013-11-01,430536,TOILET ROLLS,105.046,124.735,4.826
2013-12-01,430536,TOILET ROLLS,101.305,120.293,4.79
2014-01-01,430536,TOILET ROLLS,101.226,120.199,4.789
2014-02-01,430536,TOILET ROLLS,99.238,119.283,4.781
2014-03-01,430536,TOILET ROLLS,99.925,120.109,4.788
2014-04-01,430536,TOILET ROLLS,97.899,117.673,4.768
2014-05-01,430536,TOILET ROLLS,99.178,119.211,4.781
2014-06-01,430536,TOILET ROLLS,97.981,117.772,4.769
2014-07-01,430536,TOILET ROLLS,97.709,117.445,4.766
2014-08-01,430536,TOILET ROLLS,98.198,118.033,4.771
2014-09-01,430536,TOILET ROLLS,98.377,118.248,4.773
2014-10-01,430536,TOILET ROLLS,98.3,118.155,4.772
2014-11-01,430536,TOILET ROLLS,98.301,118.157,4.772
2014-12-01,430536,TOILET ROLLS,97.753,117.498,4.766
2015-01-01,430536,TOILET ROLLS,97.724,117.463,4.766
2015-02-01,430536,TOILET ROLLS,100.107,117.589,4.767
2015-03-01,430536,TOILET ROLLS,99.791,117.218,4.764
2015-04-01,430536,TOILET ROLLS,100.371,117.899,4.77
2015-05-01,430536,TOILET ROLLS,100.944,118.572,4.776
2015-06-01,430536,TOILET ROLLS,100.792,118.393,4.774
2015-07-01,430536,TOILET ROLLS,100.807,118.411,4.774
2015-08-01,430536,TOILET ROLLS,96.687,113.572,4.732
2015-09-01,430536,TOILET ROLLS,96.897,113.818,4.735
2015-10-01,430536,TOILET ROLLS,98.084,115.213,4.747
2015-11-01,430536,TOILET ROLLS,96.834,113.744,4.734
2015-12-01,430536,TOILET ROLLS,97.506,114.534,4.741
2016-01-01,430536,TOILET ROLLS,97.454,114.473,4.74
2016-02-01,430536,TOILET ROLLS,100.048,114.527,4.741
2016-03-01,430536,TOILET ROLLS,99.004,113.332,4.73
2016-04-01,430536,TOILET ROLLS,99.575,113.986,4.736
2016-05-01,430536,TOILET ROLLS,98.905,113.219,4.729
2016-06-01,430536,TOILET ROLLS,100.192,114.692,4.742
2016-07-01,430536,TOILET ROLLS,98.634,112.909,4.727
2016-08-01,430536,TOILET ROLLS,99.201,113.558,4.732
2016-09-01,430536,TOILET ROLLS,100.973,115.586,4.75
2016-10-01,430536,TOILET ROLLS,98.822,113.124,4.728
2016-11-01,430536,TOILET ROLLS,100.83,115.423,4.749
2016-12-01,430536,TOILET ROLLS,100.094,114.58,4.741
2017-01-01,430536,TOILET ROLLS,100.032,114.509,4.741
2017-02-01,430536,TOILET ROLLS,101.164,115.842,4.752
2017-03-01,430536,TOILET ROLLS,102.054,116.861,4.761
2017-04-01,430536,TOILET ROLLS,101.899,116.684,4.759
2017-05-01,430536,TOILET ROLLS,101.807,116.578,4.759
2017-06-01,430536,TOILET ROLLS,104.04,119.135,4.78
2017-07-01,430536,TOILET ROLLS,103.746,118.799,4.777
2017-08-01,430536,TOILET ROLLS,104.364,119.506,4.783
2017-09-01,430536,TOILET ROLLS,99.564,114.01,4.736
2017-10-01,430536,TOILET ROLLS,100.421,114.991,4.745
2017-11-01,430536,TOILET ROLLS,104.764,119.964,4.787
2017-12-01,430536,TOILET ROLLS,103.911,118.988,4.779
2018-01-01,430536,TOILET ROLLS,101.761,116.526,4.758
2018-02-01,430536,TOILET ROLLS,100.006,116.533,4.758
2018-03-01,430536,TOILET ROLLS,97.172,113.23,4.729
2018-04-01,430536,TOILET ROLLS,100.447,117.047,4.763
2018-05-01,430536,TOILET ROLLS,97.704,113.85,4.735
2018-06-01,430536,TOILET ROLLS,101.2,117.924,4.77
2018-07-01,430536,TOILET ROLLS,100.407,117,4.762
2018-08-01,430536,TOILET ROLLS,102.234,119.129,4.78
2018-09-01,430536,TOILET ROLLS,101.661,118.461,4.775
2018-10-01,430536,TOILET ROLLS,100.928,117.607,4.767
2018-11-01,430536,TOILET ROLLS,103.045,120.074,4.788
2018-12-01,430536,TOILET ROLLS,105.34,122.748,4.81
2019-01-01,430536,TOILET ROLLS,99.111,115.49,4.749
2019-02-01,430536,TOILET ROLLS,99.92,115.397,4.748
2019-03-01,430536,TOILET ROLLS,102.225,118.059,4.771
2019-04-01,430536,TOILET ROLLS,103.443,119.466,4.783
2019-05-01,430536,TOILET ROLLS,102.075,117.886,4.77
2019-06-01,430536,TOILET ROLLS,103.176,119.158,4.78
2019-07-01,430536,TOILET ROLLS,101.624,117.365,4.765
2019-09-01,430536,TOILET ROLLS,101.853,117.63,4.768
2019-10-01,430536,TOILET ROLLS,104.151,120.284,4.79
2019-11-01,430536,TOILET ROLLS,103.725,119.792,4.786
2019-12-01,430536,TOILET ROLLS,103.348,119.356,4.782
2020-01-01,430536,TOILET ROLLS,99.338,114.725,4.743
2020-02-01,430536,TOILET ROLLS,100.502,115.301,4.748
2020-03-01,430536,TOILET ROLLS,100.747,115.582,4.75
2020-04-01,430536,TOILET ROLLS,105.928,121.526,4.8
2020-05-01,430536,TOILET ROLLS,106.452,122.127,4.805
2020-06-01,430536,TOILET ROLLS,105.815,121.396,4.799
2020-07-01,430536,TOILET ROLLS,98.937,113.506,4.732
2020-08-01,430536,TOILET ROLLS,103.653,118.916,4.778
2020-09-01,430536,TOILET ROLLS,101.113,116.002,4.754
2020-10-01,430536,TOILET ROLLS,102.987,118.152,4.772
2020-11-01,430536,TOILET ROLLS,99.913,114.625,4.742
2020-12-01,430536,TOILET ROLLS,98.411,112.902,4.727
2021-01-01,430536,TOILET ROLLS,103.004,118.172,4.772
2021-02-01,430536,TOILET ROLLS,96.868,114.47,4.74
2021-03-01,430536,TOILET ROLLS,96.868,114.47,4.74
2021-04-01,430536,TOILET ROLLS,98.796,116.749,4.76
2021-05-01,430536,TOILET ROLLS,99.628,117.732,4.768
2021-06-01,430536,TOILET ROLLS,99.789,117.922,4.77
2021-07-01,430536,TOILET ROLLS,98.234,116.085,4.754
2021-08-01,430536,TOILET ROLLS,99.955,118.118,4.772
2021-09-01,430536,TOILET ROLLS,99.7,117.817,4.769
2021-10-01,430536,TOILET ROLLS,100.069,118.253,4.773
2021-11-01,430536,TOILET ROLLS,99.994,118.164,4.772
2021-12-01,430536,TOILET ROLLS,101.275,119.678,4.785
2022-01-01,430536,TOILET ROLLS,100.15,118.349,4.774
2022-02-01,430536,TOILET ROLLS,101.72,120.384,4.791
2022-03-01,430536,TOILET ROLLS,103.62,122.633,4.809
2022-04-01,430536,TOILET ROLLS,104.351,123.498,4.816
2022-05-01,430536,TOILET ROLLS,107.804,127.585,4.849
2022-06-01,430536,TOILET ROLLS,109.664,129.786,4.866
2022-07-01,430536,TOILET ROLLS,113.405,134.213,4.899
2022-08-01,430536,TOILET ROLLS,116.622,138.021,4.927
2022-09-01,430536,TOILET ROLLS,119.568,141.507,4.952
2022-10-01,430536,TOILET ROLLS,121.821,144.174,4.971
2022-11-01,430536,TOILET ROLLS,121.369,143.639,4.967
2022-12-01,430536,TOILET ROLLS,122.117,144.524,4.973
2023-01-01,430536,TOILET ROLLS,99.308,117.53,4.767
2023-02-01,430536,TOILET ROLLS,102.018,119.902,4.787
2023-03-01,430536,TOILET ROLLS,100.342,117.932,4.77
2023-04-01,430536,TOILET ROLLS,99.688,117.163,4.764
2023-05-01,430536,TOILET ROLLS,100.597,118.231,4.773
2023-06-01,430536,TOILET ROLLS,99.826,117.325,4.765
2023-07-01,430536,TOILET ROLLS,101.242,118.99,4.779
2023-08-01,430536,TOILET ROLLS,99.595,117.054,4.763
2023-09-01,430536,TOILET ROLLS,99.301,116.708,4.76
2023-10-01,430536,TOILET ROLLS,100.089,117.634,4.768
2023-11-01,430536,TOILET ROLLS,99.235,116.631,4.759
2023-12-01,430536,TOILET ROLLS,97.001,114.005,4.736
2024-01-01,430536,TOILET ROLLS,99.604,117.064,4.763
2024-02-01,430536,TOILET ROLLS,97.882,114.585,4.741
2024-03-01,430536,TOILET ROLLS,98.198,114.955,4.745
2024-04-01,430536,TOILET ROLLS,96.845,113.371,4.731
2024-05-01,430536,TOILET ROLLS,96.607,113.092,4.728
2024-06-01,430536,TOILET ROLLS,95.77,112.113,4.72
2024-07-01,430536,TOILET ROLLS,96.766,113.279,4.73
2024-08-01,430536,TOILET ROLLS,95.841,112.196,4.72
2024-09-01,430536,TOILET ROLLS,94.724,110.888,4.709
2024-10-01,430536,TOILET ROLLS,97.111,113.682,4.733
2024-11-01,430536,TOILET ROLLS,93.649,109.63,4.697
2005-02-01,520206,TAMPONS-PACK OF 10-20,98.432,98.432,4.589
2005-03-01,520206,TAMPONS-PACK OF 10-20,99.699,99.699,4.602
2005-04-01,520206,TAMPONS-PACK OF 10-20,98.366,98.366,4.589
2005-05-01,520206,TAMPONS-PACK OF 10-20,99.155,99.155,4.597
2005-06-01,520206,TAMPONS-PACK OF 10-20,98.364,98.364,4.589
2005-07-01,520206,TAMPONS-PACK OF 10-20,99.184,99.184,4.597
2005-08-01,520206,TAMPONS-PACK OF 10-20,99.488,99.488,4.6
2005-09-01,520206,TAMPONS-PACK OF 10-20,100.182,100.182,4.607
2005-10-01,520206,TAMPONS-PACK OF 10-20,98.922,98.922,4.594
2005-11-01,520206,TAMPONS-PACK OF 10-20,99.737,99.737,4.603
2005-12-01,520206,TAMPONS-PACK OF 10-20,98.553,98.553,4.591
2006-01-01,520206,TAMPONS-PACK OF 10-20,99.986,99.986,4.605
2006-02-01,520206,TAMPONS-PACK OF 10-20,99.996,99.982,4.605
2006-03-01,520206,TAMPONS-PACK OF 10-20,99.44,99.426,4.599
2006-04-01,520206,TAMPONS-PACK OF 10-20,99.04,99.026,4.595
2006-05-01,520206,TAMPONS-PACK OF 10-20,101.495,101.481,4.62
2006-06-01,520206,TAMPONS-PACK OF 10-20,102.382,102.368,4.629
2006-07-01,520206,TAMPONS-PACK OF 10-20,102.801,102.787,4.633
2006-08-01,520206,TAMPONS-PACK OF 10-20,102.509,102.495,4.63
2006-09-01,520206,TAMPONS-PACK OF 10-20,102.285,102.271,4.628
2006-10-01,520206,TAMPONS-PACK OF 10-20,103.153,103.139,4.636
2006-11-01,520206,TAMPONS-PACK OF 10-20,102.386,102.372,4.629
2006-12-01,520206,TAMPONS-PACK OF 10-20,102.347,102.333,4.628
2007-01-01,520206,TAMPONS-PACK OF 10-20,101.888,101.874,4.624
2007-02-01,520206,TAMPONS-PACK OF 10-20,100.06,101.935,4.624
2007-03-01,520206,TAMPONS-PACK OF 10-20,100.097,101.973,4.625
2007-04-01,520206,TAMPONS-PACK OF 10-20,101.3,103.198,4.637
2007-05-01,520206,TAMPONS-PACK OF 10-20,102.503,104.424,4.648
2007-06-01,520206,TAMPONS-PACK OF 10-20,103.58,105.521,4.659
2007-07-01,520206,TAMPONS-PACK OF 10-20,103.468,105.407,4.658
2007-08-01,520206,TAMPONS-PACK OF 10-20,102.093,104.006,4.644
2007-09-01,520206,TAMPONS-PACK OF 10-20,102.851,104.778,4.652
2007-10-01,520206,TAMPONS-PACK OF 10-20,101.49,103.392,4.639
2007-11-01,520206,TAMPONS-PACK OF 10-20,101.518,103.42,4.639
2007-12-01,520206,TAMPONS-PACK OF 10-20,100.636,102.522,4.63
2008-01-01,520206,TAMPONS-PACK OF 10-20,100.306,102.185,4.627
2008-02-01,520206,TAMPONS-PACK OF 10-20,100.021,102.207,4.627
2008-03-01,520206,TAMPONS-PACK OF 10-20,99.292,101.462,4.62
2008-04-01,520206,TAMPONS-PACK OF 10-20,100.312,102.504,4.63
2008-05-01,520206,TAMPONS-PACK OF 10-20,101.021,103.229,4.637
2008-06-01,520206,TAMPONS-PACK OF 10-20,99.612,101.789,4.623
2008-07-01,520206,TAMPONS-PACK OF 10-20,99.888,102.071,4.626
2008-08-01,520206,TAMPONS-PACK OF 10-20,100.804,103.007,4.635
2008-09-01,520206,TAMPONS-PACK OF 10-20,102.681,104.925,4.653
2008-10-01,520206,TAMPONS-PACK OF 10-20,101.19,103.401,4.639
2008-11-01,520206,TAMPONS-PACK OF 10-20,98.398,100.548,4.611
2008-12-01,520206,TAMPONS-PACK OF 10-20,100.45,102.645,4.631
2009-01-01,520206,TAMPONS-PACK OF 10-20,99.341,101.512,4.62
2009-02-01,520206,TAMPONS-PACK OF 10-20,103.185,104.745,4.652
2009-03-01,520206,TAMPONS-PACK OF 10-20,102.913,104.469,4.649
2009-04-01,520206,TAMPONS-PACK OF 10-20,101.558,103.094,4.636
2009-05-01,520206,TAMPONS-PACK OF 10-20,100.74,102.263,4.628
2009-06-01,520206,TAMPONS-PACK OF 10-20,104.12,105.694,4.661
2009-07-01,520206,TAMPONS-PACK OF 10-20,104.559,106.14,4.665
2009-08-01,520206,TAMPONS-PACK OF 10-20,104.266,105.843,4.662
2009-09-01,520206,TAMPONS-PACK OF 10-20,99.951,101.462,4.62
2009-10-01,520206,TAMPONS-PACK OF 10-20,102.76,104.314,4.647
2009-11-01,520206,TAMPONS-PACK OF 10-20,98.791,100.285,4.608
2009-12-01,520206,TAMPONS-PACK OF 10-20,98.14,99.624,4.601
2010-01-01,520206,TAMPONS-PACK OF 10-20,95.821,97.27,4.577
2010-02-01,520206,TAMPONS-PACK OF 10-20,107.867,104.922,4.653
2010-03-01,520206,TAMPONS-PACK OF 10-20,101.274,98.509,4.59
2010-04-01,520206,TAMPONS-PACK OF 10-20,104.62,101.764,4.623
2010-05-01,520206,TAMPONS-PACK OF 10-20,103.465,100.64,4.612
2010-06-01,520206,TAMPONS-PACK OF 10-20,104.592,101.737,4.622
2010-07-01,520206,TAMPONS-PACK OF 10-20,101.045,98.286,4.588
2010-08-01,520206,TAMPONS-PACK OF 10-20,104.546,101.692,4.622
2010-09-01,520206,TAMPONS-PACK OF 10-20,103.85,101.015,4.615
2010-10-01,520206,TAMPONS-PACK OF 10-20,101.459,98.689,4.592
2010-11-01,520206,TAMPONS-PACK OF 10-20,103.407,100.584,4.611
2010-12-01,520206,TAMPONS-PACK OF 10-20,105.104,102.235,4.627
2011-01-01,520206,TAMPONS-PACK OF 10-20,106.533,103.625,4.641
2011-02-01,520206,TAMPONS-PACK OF 10-20,99.586,103.196,4.637
2011-03-01,520206,TAMPONS-PACK OF 10-20,98.787,102.368,4.629
2011-04-01,520206,TAMPONS-PACK OF 10-20,99.091,102.683,4.632
2011-05-01,520206,TAMPONS-PACK OF 10-20,100.677,104.326,4.648
2011-06-01,520206,TAMPONS-PACK OF 10-20,99.613,103.223,4.637
2011-07-01,520206,TAMPONS-PACK OF 10-20,100.648,104.296,4.647
2011-08-01,520206,TAMPONS-PACK OF 10-20,97.457,100.989,4.615
2011-09-01,520206,TAMPONS-PACK OF 10-20,98.636,102.211,4.627
2011-10-01,520206,TAMPONS-PACK OF 10-20,96.65,100.153,4.607
2011-11-01,520206,TAMPONS-PACK OF 10-20,97.39,100.92,4.614
2011-12-01,520206,TAMPONS-PACK OF 10-20,96.914,100.427,4.609
2012-01-01,520206,TAMPONS-PACK OF 10-20,98.231,101.791,4.623
2012-02-01,520206,TAMPONS-PACK OF 10-20,101.022,102.832,4.633
2012-03-01,520206,TAMPONS-PACK OF 10-20,100.153,101.947,4.624
2012-04-01,520206,TAMPONS-PACK OF 10-20,99.233,101.011,4.615
2012-05-01,520206,TAMPONS-PACK OF 10-20,99.525,101.308,4.618
2012-06-01,520206,TAMPONS-PACK OF 10-20,99.328,101.107,4.616
2012-07-01,520206,TAMPONS-PACK OF 10-20,99.007,100.781,4.613
2012-08-01,520206,TAMPONS-PACK OF 10-20,98.67,100.438,4.61
2012-09-01,520206,TAMPONS-PACK OF 10-20,98.666,100.434,4.609
2012-10-01,520206,TAMPONS-PACK OF 10-20,98.419,100.182,4.607
2012-11-01,520206,TAMPONS-PACK OF 10-20,100.276,102.072,4.626
2012-12-01,520206,TAMPONS-PACK OF 10-20,99.519,101.302,4.618
2013-01-01,520206,TAMPONS-PACK OF 10-20,100.172,101.966,4.625
2013-02-01,520206,TAMPONS-PACK OF 10-20,99.512,101.469,4.62
2013-03-01,520206,TAMPONS-PACK OF 10-20,99.431,101.386,4.619
2013-04-01,520206,TAMPONS-PACK OF 10-20,100.163,102.133,4.626
2013-05-01,520206,TAMPONS-PACK OF 10-20,99.537,101.494,4.62
2013-06-01,520206,TAMPONS-PACK OF 10-20,100.468,102.444,4.629
2013-07-01,520206,TAMPONS-PACK OF 10-20,100.661,102.64,4.631
2013-08-01,520206,TAMPONS-PACK OF 10-20,99.897,101.861,4.624
2013-09-01,520206,TAMPONS-PACK OF 10-20,102.872,104.895,4.653
2013-10-01,520206,TAMPONS-PACK OF 10-20,100.726,102.707,4.632
2013-11-01,520206,TAMPONS-PACK OF 10-20,102.365,104.378,4.648
2013-12-01,520206,TAMPONS-PACK OF 10-20,103.769,105.81,4.662
2014-01-01,520206,TAMPONS-PACK OF 10-20,103.569,105.606,4.66
2014-02-01,520206,TAMPONS-PACK OF 10-20,99.046,104.598,4.65
2014-03-01,520206,TAMPONS-PACK OF 10-20,98.725,104.259,4.647
2014-04-01,520206,TAMPONS-PACK OF 10-20,97.825,103.309,4.638
2014-05-01,520206,TAMPONS-PACK OF 10-20,96.035,101.418,4.619
2014-06-01,520206,TAMPONS-PACK OF 10-20,96.154,101.544,4.62
2014-07-01,520206,TAMPONS-PACK OF 10-20,96.168,101.559,4.621
2014-08-01,520206,TAMPONS-PACK OF 10-20,96.038,101.422,4.619
2014-09-01,520206,TAMPONS-PACK OF 10-20,96.731,102.153,4.626
2014-10-01,520206,TAMPONS-PACK OF 10-20,95.394,100.741,4.613
2014-11-01,520206,TAMPONS-PACK OF 10-20,94.642,99.947,4.605
2014-12-01,520206,TAMPONS-PACK OF 10-20,95.232,100.57,4.611
2015-01-01,520206,TAMPONS-PACK OF 10-20,93.379,98.614,4.591
2015-02-01,520206,TAMPONS-PACK OF 10-20,98.805,97.435,4.579
2015-03-01,520206,TAMPONS-PACK OF 10-20,103.351,101.918,4.624
2015-04-01,520206,TAMPONS-PACK OF 10-20,100.938,99.539,4.601
2015-05-01,520206,TAMPONS-PACK OF 10-20,100.492,99.099,4.596
2015-06-01,520206,TAMPONS-PACK OF 10-20,99.225,97.849,4.583
2015-07-01,520206,TAMPONS-PACK OF 10-20,101.745,100.334,4.609
2015-08-01,520206,TAMPONS-PACK OF 10-20,99.997,98.611,4.591
2015-09-01,520206,TAMPONS-PACK OF 10-20,101.209,99.806,4.603
2015-10-01,520206,TAMPONS-PACK OF 10-20,100.565,99.171,4.597
2015-11-01,520206,TAMPONS-PACK OF 10-20,99.078,97.704,4.582
2015-12-01,520206,TAMPONS-PACK OF 10-20,101.698,100.288,4.608
2016-01-01,520206,TAMPONS-PACK OF 10-20,101.043,99.642,4.602
2016-02-01,520206,TAMPONS-PACK OF 10-20,100.469,100.109,4.606
2016-03-01,520206,TAMPONS-PACK OF 10-20,98.969,98.615,4.591
2016-04-01,520206,TAMPONS-PACK OF 10-20,98.489,98.136,4.586
2016-05-01,520206,TAMPONS-PACK OF 10-20,98.147,97.796,4.583
2016-06-01,520206,TAMPONS-PACK OF 10-20,97.196,96.848,4.573
2016-07-01,520206,TAMPONS-PACK OF 10-20,99.319,98.963,4.595
2016-08-01,520206,TAMPONS-PACK OF 10-20,97.958,97.607,4.581
2016-09-01,520206,TAMPONS-PACK OF 10-20,98.427,98.075,4.586
2016-10-01,520206,TAMPONS-PACK OF 10-20,96.905,96.558,4.57
2016-11-01,520206,TAMPONS-PACK OF 10-20,98.277,97.925,4.584
2016-12-01,520206,TAMPONS-PACK OF 10-20,98.381,98.029,4.585
2017-01-01,520206,TAMPONS-PACK OF 10-20,97.017,96.67,4.571
2017-02-01,520206,TAMPONS-PACK OF 10-20,103.482,100.036,4.606
2017-03-01,520206,TAMPONS-PACK OF 10-20,103.102,99.668,4.602
2017-04-01,520206,TAMPONS-PACK OF 10-20,104.909,101.415,4.619
2017-05-01,520206,TAMPONS-PACK OF 10-20,103.188,99.752,4.603
2017-06-01,520206,TAMPONS-PACK OF 10-20,105.154,101.652,4.622
2017-07-01,520206,TAMPONS-PACK OF 10-20,104.182,100.712,4.612
2017-08-01,520206,TAMPONS-PACK OF 10-20,101.289,97.916,4.584
2017-09-01,520206,TAMPONS-PACK OF 10-20,103.278,99.839,4.604
2017-10-01,520206,TAMPONS-PACK OF 10-20,102.314,98.907,4.594
2017-11-01,520206,TAMPONS-PACK OF 10-20,99.444,96.132,4.566
2017-12-01,520206,TAMPONS-PACK OF 10-20,101.103,97.736,4.582
2018-01-01,520206,TAMPONS-PACK OF 10-20,98.198,94.928,4.553
2018-02-01,520206,TAMPONS-PACK OF 10-20,100.111,95.033,4.554
2018-03-01,520206,TAMPONS-PACK OF 10-20,100.823,95.709,4.561
2018-04-01,520206,TAMPONS-PACK OF 10-20,100.578,95.476,4.559
2018-05-01,520206,TAMPONS-PACK OF 10-20,100.259,95.174,4.556
2018-06-01,520206,TAMPONS-PACK OF 10-20,100.181,95.1,4.555
2018-07-01,520206,TAMPONS-PACK OF 10-20,100.395,95.303,4.557
2018-08-01,520206,TAMPONS-PACK OF 10-20,100.758,95.647,4.561
2018-09-01,520206,TAMPONS-PACK OF 10-20,101.438,96.293,4.567
2018-10-01,520206,TAMPONS-PACK OF 10-20,99.902,94.835,4.552
2018-11-01,520206,TAMPONS-PACK OF 10-20,100.748,95.638,4.561
2018-12-01,520206,TAMPONS-PACK OF 10-20,100.235,95.151,4.555
2019-01-01,520206,TAMPONS-PACK OF 10-20,99.976,94.905,4.553
2019-02-01,520206,TAMPONS-PACK OF 10-20,100.118,95.017,4.554
2019-03-01,520206,TAMPONS-PACK OF 10-20,102.003,96.806,4.573
2019-04-01,520206,TAMPONS-PACK OF 10-20,100.863,95.724,4.561
2019-05-01,520206,TAMPONS-PACK OF 10-20,100.484,95.364,4.558
2019-06-01,520206,TAMPONS-PACK OF 10-20,100.587,95.462,4.559
2019-07-01,520206,TAMPONS-PACK OF 10-20,101.187,96.031,4.565
2019-09-01,520206,TAMPONS-PACK OF 10-20,100.917,95.775,4.562
2019-10-01,520206,TAMPONS-PACK OF 10-20,100.311,95.2,4.556
2019-11-01,520206,TAMPONS-PACK OF 10-20,100.516,95.395,4.558
2019-12-01,520206,TAMPONS-PACK OF 10-20,100.396,95.281,4.557
2020-01-01,520206,TAMPONS-PACK OF 10-20,100.99,95.845,4.563
2020-02-01,520206,TAMPONS-PACK OF 10-20,99.12,95.001,4.554
2020-03-01,520206,TAMPONS-PACK OF 10-20,100.243,96.077,4.565
2020-04-01,520206,TAMPONS-PACK OF 10-20,99.808,95.66,4.561
2020-05-01,520206,TAMPONS-PACK OF 10-20,102.289,98.038,4.585
2020-06-01,520206,TAMPONS-PACK OF 10-20,101.968,97.731,4.582
2020-07-01,520206,TAMPONS-PACK OF 10-20,98.019,93.946,4.543
2020-08-01,520206,TAMPONS-PACK OF 10-20,98.147,94.069,4.544
2020-09-01,520206,TAMPONS-PACK OF 10-20,98.761,94.657,4.55
2020-10-01,520206,TAMPONS-PACK OF 10-20,100.9,96.707,4.572
2020-11-01,520206,TAMPONS-PACK OF 10-20,100.085,95.926,4.564
2020-12-01,520206,TAMPONS-PACK OF 10-20,103.975,99.654,4.602
2021-01-01,520206,TAMPONS-PACK OF 10-20,97.642,93.584,4.539
2021-02-01,520206,TAMPONS-PACK OF 10-20,98.653,92.324,4.525
2021-03-01,520206,TAMPONS-PACK OF 10-20,100.214,93.785,4.541
2021-04-01,520206,TAMPONS-PACK OF 10-20,99.954,93.541,4.538
2021-05-01,520206,TAMPONS-PACK OF 10-20,98.761,92.425,4.526
2021-06-01,520206,TAMPONS-PACK OF 10-20,97.453,91.201,4.513
2021-07-01,520206,TAMPONS-PACK OF 10-20,98.717,92.384,4.526
2021-08-01,520206,TAMPONS-PACK OF 10-20,98.801,92.462,4.527
2021-09-01,520206,TAMPONS-PACK OF 10-20,97.743,91.472,4.516
2021-10-01,520206,TAMPONS-PACK OF 10-20,98.081,91.789,4.519
2021-11-01,520206,TAMPONS-PACK OF 10-20,98.311,92.004,4.522
2021-12-01,520206,TAMPONS-PACK OF 10-20,98.671,92.341,4.525
2022-01-01,520206,TAMPONS-PACK OF 10-20,100.32,93.884,4.542
2022-02-01,520206,TAMPONS-PACK OF 10-20,97.79,91.809,4.52
2022-03-01,520206,TAMPONS-PACK OF 10-20,99.197,93.13,4.534
2022-04-01,520206,TAMPONS-PACK OF 10-20,101.832,95.604,4.56
2022-05-01,520206,TAMPONS-PACK OF 10-20,100.397,94.257,4.546
2022-06-01,520206,TAMPONS-PACK OF 10-20,101.29,95.095,4.555
2022-07-01,520206,TAMPONS-PACK OF 10-20,101.627,95.411,4.558
2022-08-01,520206,TAMPONS-PACK OF 10-20,102.007,95.768,4.562
2022-09-01,520206,TAMPONS-PACK OF 10-20,103.914,97.559,4.58
2022-10-01,520206,TAMPONS-PACK OF 10-20,105.13,98.7,4.592
2022-11-01,520206,TAMPONS-PACK OF 10-20,104.502,98.111,4.586
2022-12-01,520206,TAMPONS-PACK OF 10-20,105.609,99.15,4.597
2023-01-01,520206,TAMPONS-PACK OF 10-20,99.303,93.23,4.535
2005-02-01,520213,TISSUES-LARGE SIZE BOX,100.266,100.266,4.608
2005-03-01,520213,TISSUES-LARGE SIZE BOX,99.711,99.711,4.602
2005-04-01,520213,TISSUES-LARGE SIZE BOX,102.167,102.167,4.627
2005-05-01,520213,TISSUES-LARGE SIZE BOX,102.319,102.319,4.628
2005-06-01,520213,TISSUES-LARGE SIZE BOX,100.228,100.228,4.607
2005-07-01,520213,TISSUES-LARGE SIZE BOX,100.568,100.568,4.611
2005-08-01,520213,TISSUES-LARGE SIZE BOX,101.359,101.359,4.619
2005-09-01,520213,TISSUES-LARGE SIZE BOX,100.232,100.232,4.607
2005-10-01,520213,TISSUES-LARGE SIZE BOX,99.949,99.949,4.605
2005-11-01,520213,TISSUES-LARGE SIZE BOX,97.417,97.417,4.579
2005-12-01,520213,TISSUES-LARGE SIZE BOX,99.434,99.434,4.599
2006-01-01,520213,TISSUES-LARGE SIZE BOX,104.311,104.311,4.647
2006-02-01,520213,TISSUES-LARGE SIZE BOX,99.998,104.309,4.647
2006-03-01,520213,TISSUES-LARGE SIZE BOX,101.947,106.342,4.667
2006-04-01,520213,TISSUES-LARGE SIZE BOX,104.037,108.522,4.687
2006-05-01,520213,TISSUES-LARGE SIZE BOX,104.42,108.922,4.691
2006-06-01,520213,TISSUES-LARGE SIZE BOX,104.077,108.564,4.687
2006-07-01,520213,TISSUES-LARGE SIZE BOX,103.805,108.28,4.685
2006-08-01,520213,TISSUES-LARGE SIZE BOX,104.162,108.652,4.688
2006-09-01,520213,TISSUES-LARGE SIZE BOX,104.428,108.93,4.691
2006-10-01,520213,TISSUES-LARGE SIZE BOX,102.072,106.472,4.668
2006-11-01,520213,TISSUES-LARGE SIZE BOX,104.915,109.438,4.695
2006-12-01,520213,TISSUES-LARGE SIZE BOX,101.023,105.378,4.658
2007-01-01,520213,TISSUES-LARGE SIZE BOX,106.701,111.301,4.712
2007-02-01,520213,TISSUES-LARGE SIZE BOX,103.247,114.915,4.744
2007-03-01,520213,TISSUES-LARGE SIZE BOX,103.315,114.991,4.745
2007-04-01,520213,TISSUES-LARGE SIZE BOX,106.594,118.64,4.776
2007-05-01,520213,TISSUES-LARGE SIZE BOX,105.879,117.844,4.769
2007-06-01,520213,TISSUES-LARGE SIZE BOX,104.057,115.816,4.752
2007-07-01,520213,TISSUES-LARGE SIZE BOX,99.272,110.491,4.705
2007-08-01,520213,TISSUES-LARGE SIZE BOX,104.993,116.858,4.761
2007-09-01,520213,TISSUES-LARGE SIZE BOX,103.78,115.508,4.749
2007-10-01,520213,TISSUES-LARGE SIZE BOX,106.113,118.105,4.772
2007-11-01,520213,TISSUES-LARGE SIZE BOX,105.288,117.186,4.764
2007-12-01,520213,TISSUES-LARGE SIZE BOX,104.906,116.761,4.76
2008-01-01,520213,TISSUES-LARGE SIZE BOX,105.317,117.219,4.764
2008-02-01,520213,TISSUES-LARGE SIZE BOX,98.235,115.15,4.746
2008-03-01,520213,TISSUES-LARGE SIZE BOX,100.848,118.213,4.772
2008-04-01,520213,TISSUES-LARGE SIZE BOX,100.784,118.138,4.772
2008-05-01,520213,TISSUES-LARGE SIZE BOX,102.756,120.449,4.791
2008-06-01,520213,TISSUES-LARGE SIZE BOX,104.008,121.917,4.803
2008-07-01,520213,TISSUES-LARGE SIZE BOX,101.792,119.319,4.782
2008-08-01,520213,TISSUES-LARGE SIZE BOX,104.257,122.209,4.806
2008-09-01,520213,TISSUES-LARGE SIZE BOX,100.322,117.596,4.767
2008-10-01,520213,TISSUES-LARGE SIZE BOX,106.77,125.154,4.83
2008-11-01,520213,TISSUES-LARGE SIZE BOX,107.659,126.197,4.838
2008-12-01,520213,TISSUES-LARGE SIZE BOX,105.733,123.939,4.82
2009-01-01,520213,TISSUES-LARGE SIZE BOX,108.152,126.774,4.842
2009-02-01,520213,TISSUES-LARGE SIZE BOX,102.254,129.632,4.865
2009-03-01,520213,TISSUES-LARGE SIZE BOX,104.639,132.655,4.888
2009-04-01,520213,TISSUES-LARGE SIZE BOX,107.236,135.948,4.912
2009-05-01,520213,TISSUES-LARGE SIZE BOX,103.739,131.514,4.879
2009-06-01,520213,TISSUES-LARGE SIZE BOX,103.483,131.19,4.877
2009-07-01,520213,TISSUES-LARGE SIZE BOX,105.525,133.779,4.896
2009-08-01,520213,TISSUES-LARGE SIZE BOX,104.175,132.067,4.883
2009-09-01,520213,TISSUES-LARGE SIZE BOX,104.021,131.872,4.882
2009-10-01,520213,TISSUES-LARGE SIZE BOX,108.228,137.205,4.921
2009-11-01,520213,TISSUES-LARGE SIZE BOX,107.713,136.553,4.917
2009-12-01,520213,TISSUES-LARGE SIZE BOX,106.874,135.489,4.909
2010-01-01,520213,TISSUES-LARGE SIZE BOX,102.886,130.433,4.871
2010-02-01,520213,TISSUES-LARGE SIZE BOX,105.025,136.987,4.92
2010-03-01,520213,TISSUES-LARGE SIZE BOX,98.042,127.879,4.851
2010-04-01,520213,TISSUES-LARGE SIZE BOX,102.755,134.027,4.898
2010-05-01,520213,TISSUES-LARGE SIZE BOX,100.092,130.553,4.872
2010-06-01,520213,TISSUES-LARGE SIZE BOX,103.123,134.507,4.902
2010-07-01,520213,TISSUES-LARGE SIZE BOX,102.125,133.205,4.892
2010-08-01,520213,TISSUES-LARGE SIZE BOX,95.526,124.598,4.825
2010-09-01,520213,TISSUES-LARGE SIZE BOX,98.924,129.03,4.86
2010-10-01,520213,TISSUES-LARGE SIZE BOX,101.647,132.581,4.887
2010-11-01,520213,TISSUES-LARGE SIZE BOX,102.588,133.809,4.896
2010-12-01,520213,TISSUES-LARGE SIZE BOX,101.13,131.907,4.882
2011-01-01,520213,TISSUES-LARGE SIZE BOX,98.23,128.124,4.853
2011-02-01,520213,TISSUES-LARGE SIZE BOX,102.453,131.267,4.877
2011-03-01,520213,TISSUES-LARGE SIZE BOX,100.919,129.302,4.862
2011-04-01,520213,TISSUES-LARGE SIZE BOX,102.288,131.056,4.876
2011-05-01,520213,TISSUES-LARGE SIZE BOX,103.781,132.969,4.89
2011-06-01,520213,TISSUES-LARGE SIZE BOX,103.553,132.677,4.888
2011-07-01,520213,TISSUES-LARGE SIZE BOX,102.256,131.015,4.875
2011-08-01,520213,TISSUES-LARGE SIZE BOX,106.405,136.331,4.915
2011-09-01,520213,TISSUES-LARGE SIZE BOX,109.949,140.872,4.948
2011-10-01,520213,TISSUES-LARGE SIZE BOX,103.652,132.804,4.889
2011-11-01,520213,TISSUES-LARGE SIZE BOX,106.92,136.991,4.92
2011-12-01,520213,TISSUES-LARGE SIZE BOX,103.698,132.862,4.889
2012-01-01,520213,TISSUES-LARGE SIZE BOX,99.8,127.868,4.851
2012-02-01,520213,TISSUES-LARGE SIZE BOX,105.588,135.013,4.905
2012-03-01,520213,TISSUES-LARGE SIZE BOX,100.792,128.881,4.859
2012-04-01,520213,TISSUES-LARGE SIZE BOX,105.109,134.401,4.901
2012-05-01,520213,TISSUES-LARGE SIZE BOX,103.98,132.957,4.89
2012-06-01,520213,TISSUES-LARGE SIZE BOX,105.789,135.27,4.907
2012-07-01,520213,TISSUES-LARGE SIZE BOX,105.684,135.136,4.906
2012-08-01,520213,TISSUES-LARGE SIZE BOX,107.531,137.498,4.924
2012-09-01,520213,TISSUES-LARGE SIZE BOX,103.097,131.828,4.882
2012-10-01,520213,TISSUES-LARGE SIZE BOX,97.98,125.285,4.831
2012-11-01,520213,TISSUES-LARGE SIZE BOX,106.156,135.74,4.911
2012-12-01,520213,TISSUES-LARGE SIZE BOX,96.694,123.641,4.817
2013-01-01,520213,TISSUES-LARGE SIZE BOX,98.041,125.363,4.831
2013-02-01,520213,TISSUES-LARGE SIZE BOX,101.308,127.003,4.844
2013-03-01,520213,TISSUES-LARGE SIZE BOX,105.101,131.758,4.881
2013-04-01,520213,TISSUES-LARGE SIZE BOX,100.977,126.588,4.841
2013-05-01,520213,TISSUES-LARGE SIZE BOX,99.535,124.78,4.827
2013-06-01,520213,TISSUES-LARGE SIZE BOX,107.571,134.855,4.904
2013-07-01,520213,TISSUES-LARGE SIZE BOX,106.782,133.865,4.897
2013-08-01,520213,TISSUES-LARGE SIZE BOX,106.98,134.114,4.899
2013-09-01,520213,TISSUES-LARGE SIZE BOX,108.282,135.746,4.911
2013-10-01,520213,TISSUES-LARGE SIZE BOX,97.128,121.763,4.802
2013-11-01,520213,TISSUES-LARGE SIZE BOX,105.818,132.657,4.888
2013-12-01,520213,TISSUES-LARGE SIZE BOX,102.909,129.01,4.86
2014-01-01,520213,TISSUES-LARGE SIZE BOX,105.101,131.758,4.881
2014-02-01,520213,TISSUES-LARGE SIZE BOX,100.283,132.131,4.884
2014-03-01,520213,TISSUES-LARGE SIZE BOX,102.427,134.956,4.905
2014-04-01,520213,TISSUES-LARGE SIZE BOX,99.839,131.546,4.879
2014-05-01,520213,TISSUES-LARGE SIZE BOX,100.949,133.008,4.89
2014-06-01,520213,TISSUES-LARGE SIZE BOX,97.25,128.135,4.853
2014-07-01,520213,TISSUES-LARGE SIZE BOX,99.833,131.538,4.879
2014-08-01,520213,TISSUES-LARGE SIZE BOX,99.277,130.805,4.874
2014-09-01,520213,TISSUES-LARGE SIZE BOX,99.51,131.112,4.876
2014-10-01,520213,TISSUES-LARGE SIZE BOX,98.172,129.35,4.863
2014-11-01,520213,TISSUES-LARGE SIZE BOX,96.54,127.199,4.846
2014-12-01,520213,TISSUES-LARGE SIZE BOX,98.426,129.684,4.865
2015-01-01,520213,TISSUES-LARGE SIZE BOX,96.748,127.473,4.848
2015-02-01,520213,TISSUES-LARGE SIZE BOX,102.165,130.233,4.869
2015-03-01,520213,TISSUES-LARGE SIZE BOX,103.36,131.756,4.881
2015-04-01,520213,TISSUES-LARGE SIZE BOX,104.527,133.244,4.892
2015-05-01,520213,TISSUES-LARGE SIZE BOX,103.269,131.64,4.88
2015-06-01,520213,TISSUES-LARGE SIZE BOX,98.803,125.947,4.836
2015-07-01,520213,TISSUES-LARGE SIZE BOX,99.888,127.331,4.847
2015-08-01,520213,TISSUES-LARGE SIZE BOX,100.33,127.894,4.851
2015-09-01,520213,TISSUES-LARGE SIZE BOX,100.503,128.114,4.853
2015-10-01,520213,TISSUES-LARGE SIZE BOX,97.85,124.733,4.826
2015-11-01,520213,TISSUES-LARGE SIZE BOX,99.034,126.242,4.838
2015-12-01,520213,TISSUES-LARGE SIZE BOX,94.579,120.563,4.792
2016-01-01,520213,TISSUES-LARGE SIZE BOX,96.698,123.264,4.814
2016-02-01,520213,TISSUES-LARGE SIZE BOX,99.676,122.865,4.811
2016-03-01,520213,TISSUES-LARGE SIZE BOX,100.841,124.301,4.823
2016-04-01,520213,TISSUES-LARGE SIZE BOX,100.555,123.948,4.82
2016-05-01,520213,TISSUES-LARGE SIZE BOX,98.348,121.228,4.798
2016-06-01,520213,TISSUES-LARGE SIZE BOX,98.368,121.252,4.798
2016-07-01,520213,TISSUES-LARGE SIZE BOX,97.364,120.015,4.788
2016-08-01,520213,TISSUES-LARGE SIZE BOX,96.868,119.403,4.783
2016-09-01,520213,TISSUES-LARGE SIZE BOX,99.649,122.831,4.811
2016-10-01,520213,TISSUES-LARGE SIZE BOX,98.11,120.934,4.795
2016-11-01,520213,TISSUES-LARGE SIZE BOX,98.039,120.847,4.795
2016-12-01,520213,TISSUES-LARGE SIZE BOX,98.404,121.297,4.798
2017-01-01,520213,TISSUES-LARGE SIZE BOX,99.399,122.523,4.808
2017-02-01,520213,TISSUES-LARGE SIZE BOX,95.891,117.489,4.766
2017-03-01,520213,TISSUES-LARGE SIZE BOX,99.633,122.074,4.805
2017-04-01,520213,TISSUES-LARGE SIZE BOX,100.055,122.591,4.809
2017-05-01,520213,TISSUES-LARGE SIZE BOX,98.945,121.231,4.798
2017-06-01,520213,TISSUES-LARGE SIZE BOX,98.828,121.087,4.797
2017-07-01,520213,TISSUES-LARGE SIZE BOX,99.901,122.402,4.807
2017-08-01,520213,TISSUES-LARGE SIZE BOX,99.059,121.37,4.799
2017-09-01,520213,TISSUES-LARGE SIZE BOX,87.334,107.004,4.673
2017-10-01,520213,TISSUES-LARGE SIZE BOX,87.689,107.439,4.677
2017-11-01,520213,TISSUES-LARGE SIZE BOX,87.166,106.799,4.671
2017-12-01,520213,TISSUES-LARGE SIZE BOX,87.108,106.728,4.67
2018-01-01,520213,TISSUES-LARGE SIZE BOX,98.734,120.972,4.796
2018-02-01,520213,TISSUES-LARGE SIZE BOX,100.725,121.849,4.803
2018-03-01,520213,TISSUES-LARGE SIZE BOX,101.152,122.366,4.807
2018-04-01,520213,TISSUES-LARGE SIZE BOX,100.666,121.778,4.802
2018-05-01,520213,TISSUES-LARGE SIZE BOX,100.879,122.035,4.804
2018-06-01,520213,TISSUES-LARGE SIZE BOX,100.542,121.628,4.801
2018-07-01,520213,TISSUES-LARGE SIZE BOX,100.994,122.175,4.805
2018-08-01,520213,TISSUES-LARGE SIZE BOX,100.332,121.374,4.799
2018-09-01,520213,TISSUES-LARGE SIZE BOX,101.734,123.07,4.813
2018-10-01,520213,TISSUES-LARGE SIZE BOX,102.849,124.419,4.824
2018-11-01,520213,TISSUES-LARGE SIZE BOX,102.579,124.092,4.821
2018-12-01,520213,TISSUES-LARGE SIZE BOX,103.288,124.95,4.828
2019-01-01,520213,TISSUES-LARGE SIZE BOX,99.839,120.777,4.794
2019-02-01,520213,TISSUES-LARGE SIZE BOX,100.382,121.239,4.798
2019-03-01,520213,TISSUES-LARGE SIZE BOX,101.03,122.021,4.804
2019-04-01,520213,TISSUES-LARGE SIZE BOX,100.907,121.873,4.803
2019-05-01,520213,TISSUES-LARGE SIZE BOX,100.557,121.45,4.8
2019-06-01,520213,TISSUES-LARGE SIZE BOX,102.104,123.319,4.815
2019-07-01,520213,TISSUES-LARGE SIZE BOX,99.261,119.885,4.787
2019-09-01,520213,TISSUES-LARGE SIZE BOX,101.315,122.366,4.807
2019-10-01,520213,TISSUES-LARGE SIZE BOX,102.819,124.182,4.822
2019-11-01,520213,TISSUES-LARGE SIZE BOX,103.231,124.68,4.826
2019-12-01,520213,TISSUES-LARGE SIZE BOX,112.723,136.144,4.914
2020-01-01,520213,TISSUES-LARGE SIZE BOX,92.369,111.561,4.715
2020-02-01,520213,TISSUES-LARGE SIZE BOX,99.382,110.871,4.708
2020-03-01,520213,TISSUES-LARGE SIZE BOX,100.616,112.248,4.721
2020-04-01,520213,TISSUES-LARGE SIZE BOX,100.454,112.067,4.719
2020-05-01,520213,TISSUES-LARGE SIZE BOX,101.141,112.834,4.726
2020-06-01,520213,TISSUES-LARGE SIZE BOX,100.687,112.327,4.721
2020-07-01,520213,TISSUES-LARGE SIZE BOX,100.877,112.539,4.723
2020-08-01,520213,TISSUES-LARGE SIZE BOX,101.005,112.682,4.725
2020-09-01,520213,TISSUES-LARGE SIZE BOX,102.267,114.09,4.737
2020-10-01,520213,TISSUES-LARGE SIZE BOX,102.121,113.927,4.736
2020-11-01,520213,TISSUES-LARGE SIZE BOX,101.953,113.74,4.734
2020-12-01,520213,TISSUES-LARGE SIZE BOX,101.139,112.832,4.726
2021-01-01,520213,TISSUES-LARGE SIZE BOX,97.7,108.995,4.691
2021-02-01,520213,TISSUES-LARGE SIZE BOX,99.31,108.243,4.684
2021-03-01,520213,TISSUES-LARGE SIZE BOX,98.706,107.585,4.678
2021-04-01,520213,TISSUES-LARGE SIZE BOX,99.525,108.477,4.687
2021-05-01,520213,TISSUES-LARGE SIZE BOX,98.286,107.127,4.674
2021-06-01,520213,TISSUES-LARGE SIZE BOX,98.272,107.112,4.674
2021-07-01,520213,TISSUES-LARGE SIZE BOX,96.44,105.115,4.655
2021-08-01,520213,TISSUES-LARGE SIZE BOX,98.017,106.834,4.671
2021-09-01,520213,TISSUES-LARGE SIZE BOX,97.412,106.174,4.665
2021-10-01,520213,TISSUES-LARGE SIZE BOX,96.989,105.713,4.661
2021-11-01,520213,TISSUES-LARGE SIZE BOX,96.914,105.631,4.66
2021-12-01,520213,TISSUES-LARGE SIZE BOX,96.845,105.556,4.659
2022-01-01,520213,TISSUES-LARGE SIZE BOX,99.812,108.79,4.689
2022-02-01,520213,TISSUES-LARGE SIZE BOX,100.536,109.373,4.695
2022-03-01,520213,TISSUES-LARGE SIZE BOX,102.581,111.598,4.715
2022-04-01,520213,TISSUES-LARGE SIZE BOX,104.711,113.915,4.735
2022-05-01,520213,TISSUES-LARGE SIZE BOX,105.479,114.751,4.743
2022-06-01,520213,TISSUES-LARGE SIZE BOX,107.519,116.97,4.762
2022-07-01,520213,TISSUES-LARGE SIZE BOX,109.132,118.725,4.777
2022-08-01,520213,TISSUES-LARGE SIZE BOX,114.128,124.16,4.822
2022-09-01,520213,TISSUES-LARGE SIZE BOX,116.116,126.323,4.839
2022-10-01,520213,TISSUES-LARGE SIZE BOX,115.669,125.836,4.835
2022-11-01,520213,TISSUES-LARGE SIZE BOX,119.389,129.883,4.867
2022-12-01,520213,TISSUES-LARGE SIZE BOX,120.57,131.168,4.876
2023-01-01,520213,TISSUES-LARGE SIZE BOX,101.118,110.006,4.701
2023-02-01,520213,TISSUES-LARGE SIZE BOX,99.163,109.086,4.692
2023-03-01,520213,TISSUES-LARGE SIZE BOX,99.979,109.983,4.7
2023-04-01,520213,TISSUES-LARGE SIZE BOX,100.186,110.211,4.702
2023-05-01,520213,TISSUES-LARGE SIZE BOX,97.844,107.635,4.679
2023-06-01,520213,TISSUES-LARGE SIZE BOX,100.705,110.782,4.708
2023-07-01,520213,TISSUES-LARGE SIZE BOX,101.808,111.995,4.718
2023-08-01,520213,TISSUES-LARGE SIZE BOX,102.083,112.298,4.721
2023-09-01,520213,TISSUES-LARGE SIZE BOX,100.198,110.224,4.703
2023-10-01,520213,TISSUES-LARGE SIZE BOX,100.902,110.999,4.71
2023-11-01,520213,TISSUES-LARGE SIZE BOX,100.899,110.995,4.709
2023-12-01,520213,TISSUES-LARGE SIZE BOX,102.581,112.846,4.726
2024-01-01,520213,TISSUES-LARGE SIZE BOX,97.702,107.478,4.677
2024-02-01,520213,TISSUES-LARGE SIZE BOX,100.186,107.678,4.679
2024-03-01,520213,TISSUES-LARGE SIZE BOX,97.953,105.278,4.657
2024-04-01,520213,TISSUES-LARGE SIZE BOX,97.521,104.814,4.652
2024-05-01,520213,TISSUES-LARGE SIZE BOX,94.759,101.845,4.623
2024-06-01,520213,TISSUES-LARGE SIZE BOX,91.53,98.375,4.589
2024-07-01,520213,TISSUES-LARGE SIZE BOX,91.415,98.251,4.588
2024-08-01,520213,TISSUES-LARGE SIZE BOX,90.632,97.41,4.579
2024-09-01,520213,TISSUES-LARGE SIZE BOX,93.69,100.696,4.612
2024-10-01,520213,TISSUES-LARGE SIZE BOX,88.889,95.536,4.56
2024-11-01,520213,TISSUES-LARGE SIZE BOX,88.507,95.126,4.555
2005-02-01,520241,RAZOR CARTRIDGE BLADES,100.031,100.031,4.605
2005-03-01,520241,RAZOR CARTRIDGE BLADES,100.909,100.909,4.614
2005-04-01,520241,RAZOR CARTRIDGE BLADES,102.08,102.08,4.626
2005-05-01,520241,RAZOR CARTRIDGE BLADES,101.591,101.591,4.621
2005-06-01,520241,RAZOR CARTRIDGE BLADES,102.613,102.613,4.631
2005-07-01,520241,RAZOR CARTRIDGE BLADES,102.549,102.549,4.63
2005-08-01,520241,RAZOR CARTRIDGE BLADES,102.925,102.925,4.634
2005-09-01,520241,RAZOR CARTRIDGE BLADES,102.327,102.327,4.628
2005-10-01,520241,RAZOR CARTRIDGE BLADES,103.259,103.259,4.637
2005-11-01,520241,RAZOR CARTRIDGE BLADES,103.521,103.521,4.64
2005-12-01,520241,RAZOR CARTRIDGE BLADES,102.831,102.831,4.633
2006-01-01,520241,RAZOR CARTRIDGE BLADES,102.873,102.873,4.633
2006-02-01,520241,RAZOR CARTRIDGE BLADES,99.925,102.796,4.633
2006-03-01,520241,RAZOR CARTRIDGE BLADES,100.492,103.379,4.638
2006-04-01,520241,RAZOR CARTRIDGE BLADES,99.523,102.382,4.629
2006-05-01,520241,RAZOR CARTRIDGE BLADES,97.413,100.212,4.607
2006-06-01,520241,RAZOR CARTRIDGE BLADES,99.287,102.14,4.626
2006-07-01,520241,RAZOR CARTRIDGE BLADES,97.521,100.323,4.608
2006-08-01,520241,RAZOR CARTRIDGE BLADES,100.494,103.381,4.638
2006-09-01,520241,RAZOR CARTRIDGE BLADES,98.602,101.435,4.619
2006-10-01,520241,RAZOR CARTRIDGE BLADES,98.987,101.831,4.623
2006-11-01,520241,RAZOR CARTRIDGE BLADES,99.91,102.78,4.633
2006-12-01,520241,RAZOR CARTRIDGE BLADES,99.876,102.745,4.632
2007-01-01,520241,RAZOR CARTRIDGE BLADES,98.104,100.923,4.614
2007-02-01,520241,RAZOR CARTRIDGE BLADES,100.354,101.28,4.618
2007-03-01,520241,RAZOR CARTRIDGE BLADES,101.914,102.854,4.633
2007-04-01,520241,RAZOR CARTRIDGE BLADES,105.607,106.581,4.669
2007-05-01,520241,RAZOR CARTRIDGE BLADES,106.261,107.241,4.675
2007-06-01,520241,RAZOR CARTRIDGE BLADES,105.715,106.69,4.67
2007-07-01,520241,RAZOR CARTRIDGE BLADES,104.662,105.628,4.66
2007-08-01,520241,RAZOR CARTRIDGE BLADES,104.463,105.427,4.658
2007-09-01,520241,RAZOR CARTRIDGE BLADES,104.169,105.13,4.655
2007-10-01,520241,RAZOR CARTRIDGE BLADES,105.266,106.237,4.666
2007-11-01,520241,RAZOR CARTRIDGE BLADES,105.24,106.211,4.665
2007-12-01,520241,RAZOR CARTRIDGE BLADES,106.787,107.772,4.68
2008-01-01,520241,RAZOR CARTRIDGE BLADES,105.641,106.616,4.669
2008-02-01,520241,RAZOR CARTRIDGE BLADES,100.65,107.309,4.676
2008-03-01,520241,RAZOR CARTRIDGE BLADES,102.1,108.854,4.69
2008-04-01,520241,RAZOR CARTRIDGE BLADES,100.463,107.109,4.674
2008-05-01,520241,RAZOR CARTRIDGE BLADES,101.714,108.443,4.686
2008-06-01,520241,RAZOR CARTRIDGE BLADES,101.423,108.133,4.683
2008-07-01,520241,RAZOR CARTRIDGE BLADES,101.749,108.48,4.687
2008-08-01,520241,RAZOR CARTRIDGE BLADES,102.32,109.089,4.692
2008-09-01,520241,RAZOR CARTRIDGE BLADES,102.554,109.339,4.694
2008-10-01,520241,RAZOR CARTRIDGE BLADES,101.182,107.876,4.681
2008-11-01,520241,RAZOR CARTRIDGE BLADES,102.852,109.656,4.697
2008-12-01,520241,RAZOR CARTRIDGE BLADES,101.137,107.828,4.681
2009-01-01,520241,RAZOR CARTRIDGE BLADES,100.056,106.675,4.67
2009-02-01,520241,RAZOR CARTRIDGE BLADES,99.658,106.31,4.666
2009-03-01,520241,RAZOR CARTRIDGE BLADES,99.944,106.616,4.669
2009-04-01,520241,RAZOR CARTRIDGE BLADES,100.32,107.017,4.673
2009-05-01,520241,RAZOR CARTRIDGE BLADES,100.678,107.399,4.677
2009-06-01,520241,RAZOR CARTRIDGE BLADES,104.066,111.013,4.71
2009-07-01,520241,RAZOR CARTRIDGE BLADES,102.377,109.211,4.693
2009-08-01,520241,RAZOR CARTRIDGE BLADES,101.952,108.758,4.689
2009-09-01,520241,RAZOR CARTRIDGE BLADES,100.844,107.576,4.678
2009-10-01,520241,RAZOR CARTRIDGE BLADES,98.19,104.744,4.652
2009-11-01,520241,RAZOR CARTRIDGE BLADES,92.72,98.909,4.594
2009-12-01,520241,RAZOR CARTRIDGE BLADES,101.401,108.17,4.684
2010-01-01,520241,RAZOR CARTRIDGE BLADES,103.042,109.92,4.7
2010-02-01,520241,RAZOR CARTRIDGE BLADES,100.246,110.191,4.702
2010-03-01,520241,RAZOR CARTRIDGE BLADES,100.488,110.457,4.705
2010-04-01,520241,RAZOR CARTRIDGE BLADES,101.94,112.053,4.719
2010-05-01,520241,RAZOR CARTRIDGE BLADES,102.975,113.19,4.729
2010-06-01,520241,RAZOR CARTRIDGE BLADES,103.499,113.766,4.734
2010-07-01,520241,RAZOR CARTRIDGE BLADES,102.267,112.412,4.722
2010-08-01,520241,RAZOR CARTRIDGE BLADES,102.014,112.134,4.72
2010-09-01,520241,RAZOR CARTRIDGE BLADES,103.215,113.454,4.731
2010-10-01,520241,RAZOR CARTRIDGE BLADES,100.253,110.198,4.702
2010-11-01,520241,RAZOR CARTRIDGE BLADES,100.145,110.08,4.701
2010-12-01,520241,RAZOR CARTRIDGE BLADES,100.341,110.295,4.703
2011-01-01,520241,RAZOR CARTRIDGE BLADES,102.017,112.137,4.72
2011-02-01,520241,RAZOR CARTRIDGE BLADES,105.527,118.335,4.774
2011-03-01,520241,RAZOR CARTRIDGE BLADES,105.406,118.2,4.772
2011-04-01,520241,RAZOR CARTRIDGE BLADES,105.65,118.473,4.775
2011-05-01,520241,RAZOR CARTRIDGE BLADES,104.84,117.565,4.767
2011-06-01,520241,RAZOR CARTRIDGE BLADES,105.461,118.261,4.773
2011-07-01,520241,RAZOR CARTRIDGE BLADES,106.034,118.904,4.778
2011-08-01,520241,RAZOR CARTRIDGE BLADES,105.387,118.178,4.772
2011-09-01,520241,RAZOR CARTRIDGE BLADES,104.84,117.565,4.767
2011-10-01,520241,RAZOR CARTRIDGE BLADES,103.696,116.282,4.756
2011-11-01,520241,RAZOR CARTRIDGE BLADES,105.297,118.077,4.771
2011-12-01,520241,RAZOR CARTRIDGE BLADES,104.374,117.042,4.763
2012-01-01,520241,RAZOR CARTRIDGE BLADES,103.928,116.542,4.758
2012-02-01,520241,RAZOR CARTRIDGE BLADES,101.619,118.429,4.774
2012-03-01,520241,RAZOR CARTRIDGE BLADES,101.471,118.257,4.773
2012-04-01,520241,RAZOR CARTRIDGE BLADES,102.874,119.892,4.787
2012-05-01,520241,RAZOR CARTRIDGE BLADES,103.832,121.008,4.796
2012-06-01,520241,RAZOR CARTRIDGE BLADES,104.112,121.334,4.799
2012-07-01,520241,RAZOR CARTRIDGE BLADES,105.211,122.615,4.809
2012-08-01,520241,RAZOR CARTRIDGE BLADES,105.663,123.142,4.813
2012-09-01,520241,RAZOR CARTRIDGE BLADES,105.132,122.523,4.808
2012-10-01,520241,RAZOR CARTRIDGE BLADES,105.329,122.753,4.81
2012-11-01,520241,RAZOR CARTRIDGE BLADES,106.346,123.938,4.82
2012-12-01,520241,RAZOR CARTRIDGE BLADES,106.323,123.911,4.82
2013-01-01,520241,RAZOR CARTRIDGE BLADES,104.557,121.853,4.803
2013-02-01,520241,RAZOR CARTRIDGE BLADES,100.478,122.435,4.808
2013-03-01,520241,RAZOR CARTRIDGE BLADES,101.1,123.193,4.814
2013-04-01,520241,RAZOR CARTRIDGE BLADES,100.867,122.909,4.811
2013-05-01,520241,RAZOR CARTRIDGE BLADES,100.579,122.559,4.809
2013-06-01,520241,RAZOR CARTRIDGE BLADES,101.6,123.803,4.819
2013-07-01,520241,RAZOR CARTRIDGE BLADES,101.097,123.19,4.814
2013-08-01,520241,RAZOR CARTRIDGE BLADES,101.842,124.098,4.821
2013-09-01,520241,RAZOR CARTRIDGE BLADES,102.373,124.745,4.826
2013-10-01,520241,RAZOR CARTRIDGE BLADES,101.441,123.609,4.817
2013-11-01,520241,RAZOR CARTRIDGE BLADES,102.373,124.745,4.826
2013-12-01,520241,RAZOR CARTRIDGE BLADES,102.033,124.33,4.823
2014-01-01,520241,RAZOR CARTRIDGE BLADES,102.242,124.585,4.825
2014-02-01,520241,RAZOR CARTRIDGE BLADES,100.912,125.721,4.834
2014-03-01,520241,RAZOR CARTRIDGE BLADES,100.404,125.088,4.829
2014-04-01,520241,RAZOR CARTRIDGE BLADES,99.96,124.535,4.825
2014-05-01,520241,RAZOR CARTRIDGE BLADES,100.139,124.758,4.826
2014-06-01,520241,RAZOR CARTRIDGE BLADES,100.619,125.356,4.831
2014-07-01,520241,RAZOR CARTRIDGE BLADES,101.86,126.902,4.843
2014-08-01,520241,RAZOR CARTRIDGE BLADES,101.627,126.612,4.841
2014-09-01,520241,RAZOR CARTRIDGE BLADES,102.422,127.602,4.849
2014-10-01,520241,RAZOR CARTRIDGE BLADES,101.266,126.162,4.838
2014-11-01,520241,RAZOR CARTRIDGE BLADES,101.547,126.512,4.84
2014-12-01,520241,RAZOR CARTRIDGE BLADES,101.385,126.31,4.839
2015-01-01,520241,RAZOR CARTRIDGE BLADES,104.61,130.328,4.87
2015-02-01,520241,RAZOR CARTRIDGE BLADES,101.28,131.997,4.883
2015-03-01,520241,RAZOR CARTRIDGE BLADES,102.229,133.233,4.892
2015-04-01,520241,RAZOR CARTRIDGE BLADES,101.969,132.894,4.89
2015-05-01,520241,RAZOR CARTRIDGE BLADES,103.305,134.636,4.903
2015-06-01,520241,RAZOR CARTRIDGE BLADES,102.631,133.757,4.896
2015-07-01,520241,RAZOR CARTRIDGE BLADES,103.402,134.762,4.904
2015-08-01,520241,RAZOR CARTRIDGE BLADES,103.286,134.611,4.902
2015-09-01,520241,RAZOR CARTRIDGE BLADES,102.337,133.374,4.893
2015-10-01,520241,RAZOR CARTRIDGE BLADES,104.194,135.794,4.911
2015-11-01,520241,RAZOR CARTRIDGE BLADES,103.11,134.382,4.901
2015-12-01,520241,RAZOR CARTRIDGE BLADES,102.278,133.297,4.893
2016-01-01,520241,RAZOR CARTRIDGE BLADES,101.156,131.835,4.882
2016-02-01,520241,RAZOR CARTRIDGE BLADES,101.134,133.33,4.893
2016-03-01,520241,RAZOR CARTRIDGE BLADES,99.96,131.782,4.881
2016-04-01,520241,RAZOR CARTRIDGE BLADES,101.812,134.224,4.9
2016-05-01,520241,RAZOR CARTRIDGE BLADES,102.405,135.006,4.905
2016-06-01,520241,RAZOR CARTRIDGE BLADES,102.961,135.739,4.911
2016-07-01,520241,RAZOR CARTRIDGE BLADES,101.655,134.017,4.898
2016-08-01,520241,RAZOR CARTRIDGE BLADES,101.875,134.307,4.9
2016-09-01,520241,RAZOR CARTRIDGE BLADES,101.741,134.13,4.899
2016-10-01,520241,RAZOR CARTRIDGE BLADES,102.522,135.16,4.906
2016-11-01,520241,RAZOR CARTRIDGE BLADES,102.027,134.507,4.902
2016-12-01,520241,RAZOR CARTRIDGE BLADES,102.679,135.367,4.908
2017-01-01,520241,RAZOR CARTRIDGE BLADES,102.988,135.774,4.911
2017-02-01,520241,RAZOR CARTRIDGE BLADES,100.04,135.828,4.911
2017-03-01,520241,RAZOR CARTRIDGE BLADES,101.116,137.289,4.922
2017-04-01,520241,RAZOR CARTRIDGE BLADES,102.203,138.765,4.933
2017-05-01,520241,RAZOR CARTRIDGE BLADES,104.145,141.402,4.952
2017-06-01,520241,RAZOR CARTRIDGE BLADES,103.284,140.233,4.943
2017-07-01,520241,RAZOR CARTRIDGE BLADES,103.963,141.155,4.95
2017-08-01,520241,RAZOR CARTRIDGE BLADES,104.85,142.359,4.958
2017-09-01,520241,RAZOR CARTRIDGE BLADES,105.339,143.023,4.963
2017-10-01,520241,RAZOR CARTRIDGE BLADES,105.893,143.775,4.968
2017-11-01,520241,RAZOR CARTRIDGE BLADES,105.814,143.668,4.968
2017-12-01,520241,RAZOR CARTRIDGE BLADES,105.479,143.213,4.964
2018-01-01,520241,RAZOR CARTRIDGE BLADES,99.984,135.752,4.911
2018-02-01,520241,RAZOR CARTRIDGE BLADES,98.071,133.134,4.891
2018-03-01,520241,RAZOR CARTRIDGE BLADES,99.639,135.262,4.907
2018-04-01,520241,RAZOR CARTRIDGE BLADES,99.346,134.865,4.904
2018-05-01,520241,RAZOR CARTRIDGE BLADES,98.504,133.722,4.896
2018-06-01,520241,RAZOR CARTRIDGE BLADES,98.713,134.005,4.898
2018-07-01,520241,RAZOR CARTRIDGE BLADES,98.975,134.361,4.901
2018-08-01,520241,RAZOR CARTRIDGE BLADES,98.978,134.365,4.901
2018-09-01,520241,RAZOR CARTRIDGE BLADES,98.095,133.166,4.892
2018-10-01,520241,RAZOR CARTRIDGE BLADES,98.668,133.944,4.897
2018-11-01,520241,RAZOR CARTRIDGE BLADES,97.9,132.902,4.89
2018-12-01,520241,RAZOR CARTRIDGE BLADES,97.481,132.333,4.885
2019-01-01,520241,RAZOR CARTRIDGE BLADES,100.916,136.996,4.92
2019-02-01,520241,RAZOR CARTRIDGE BLADES,99.777,136.69,4.918
2019-03-01,520241,RAZOR CARTRIDGE BLADES,98.997,135.622,4.91
2019-04-01,520241,RAZOR CARTRIDGE BLADES,99.24,135.955,4.912
2019-05-01,520241,RAZOR CARTRIDGE BLADES,99.182,135.875,4.912
2019-06-01,520241,RAZOR CARTRIDGE BLADES,98.409,134.816,4.904
2019-07-01,520241,RAZOR CARTRIDGE BLADES,99.069,135.72,4.911
2019-09-01,520241,RAZOR CARTRIDGE BLADES,99.678,136.555,4.917
2019-10-01,520241,RAZOR CARTRIDGE BLADES,100.299,137.406,4.923
2019-11-01,520241,RAZOR CARTRIDGE BLADES,100.025,137.03,4.92
2019-12-01,520241,RAZOR CARTRIDGE BLADES,100.329,137.447,4.923
2020-01-01,520241,RAZOR CARTRIDGE BLADES,100.205,137.277,4.922
2020-02-01,520241,RAZOR CARTRIDGE BLADES,99.489,136.575,4.917
2020-03-01,520241,RAZOR CARTRIDGE BLADES,98.784,135.607,4.91
2020-04-01,520241,RAZOR CARTRIDGE BLADES,100.151,137.484,4.924
2020-05-01,520241,RAZOR CARTRIDGE BLADES,99.211,136.194,4.914
2020-06-01,520241,RAZOR CARTRIDGE BLADES,98.463,135.167,4.907
2020-07-01,520241,RAZOR CARTRIDGE BLADES,100.883,138.489,4.931
2020-08-01,520241,RAZOR CARTRIDGE BLADES,99.341,136.372,4.915
2020-09-01,520241,RAZOR CARTRIDGE BLADES,100.479,137.934,4.927
2020-10-01,520241,RAZOR CARTRIDGE BLADES,101.028,138.688,4.932
2020-11-01,520241,RAZOR CARTRIDGE BLADES,99.614,136.747,4.918
2020-12-01,520241,RAZOR CARTRIDGE BLADES,99.908,137.15,4.921
2021-01-01,520241,RAZOR CARTRIDGE BLADES,102.456,140.648,4.946
2021-02-01,520241,RAZOR CARTRIDGE BLADES,100.466,141.304,4.951
2021-03-01,520241,RAZOR CARTRIDGE BLADES,101.484,142.735,4.961
2021-04-01,520241,RAZOR CARTRIDGE BLADES,102.45,144.094,4.97
2021-05-01,520241,RAZOR CARTRIDGE BLADES,101.982,143.436,4.966
2021-06-01,520241,RAZOR CARTRIDGE BLADES,101.956,143.399,4.966
2021-07-01,520241,RAZOR CARTRIDGE BLADES,101.1,142.195,4.957
2021-08-01,520241,RAZOR CARTRIDGE BLADES,100.26,141.014,4.949
2021-09-01,520241,RAZOR CARTRIDGE BLADES,99.891,140.495,4.945
2021-10-01,520241,RAZOR CARTRIDGE BLADES,102.626,144.342,4.972
2021-11-01,520241,RAZOR CARTRIDGE BLADES,101.053,142.129,4.957
2021-12-01,520241,RAZOR CARTRIDGE BLADES,101.628,142.938,4.962
2022-01-01,520241,RAZOR CARTRIDGE BLADES,100.311,141.086,4.949
2022-02-01,520241,RAZOR CARTRIDGE BLADES,100.376,141.616,4.953
2022-03-01,520241,RAZOR CARTRIDGE BLADES,100.993,142.487,4.959
2022-04-01,520241,RAZOR CARTRIDGE BLADES,99.302,140.101,4.942
2022-05-01,520241,RAZOR CARTRIDGE BLADES,99.2,139.957,4.941
2022-06-01,520241,RAZOR CARTRIDGE BLADES,100.758,142.155,4.957
2022-07-01,520241,RAZOR CARTRIDGE BLADES,100.168,141.323,4.951
2022-08-01,520241,RAZOR CARTRIDGE BLADES,100.243,141.429,4.952
2022-09-01,520241,RAZOR CARTRIDGE BLADES,100.647,141.999,4.956
2022-10-01,520241,RAZOR CARTRIDGE BLADES,101.093,142.628,4.96
2022-11-01,520241,RAZOR CARTRIDGE BLADES,99.854,140.88,4.948
2022-12-01,520241,RAZOR CARTRIDGE BLADES,101.028,142.536,4.96
2023-01-01,520241,RAZOR CARTRIDGE BLADES,100.24,141.424,4.952
2023-02-01,520241,RAZOR CARTRIDGE BLADES,100.892,142.686,4.961
2023-03-01,520241,RAZOR CARTRIDGE BLADES,101.09,142.966,4.963
2023-04-01,520241,RAZOR CARTRIDGE BLADES,101.69,143.814,4.969
2023-05-01,520241,RAZOR CARTRIDGE BLADES,103.206,145.958,4.983
2023-06-01,520241,RAZOR CARTRIDGE BLADES,104.367,147.6,4.995
2023-07-01,520241,RAZOR CARTRIDGE BLADES,105.548,149.27,5.006
2023-08-01,520241,RAZOR CARTRIDGE BLADES,104.537,147.841,4.996
2023-09-01,520241,RAZOR CARTRIDGE BLADES,103.561,146.46,4.987
2023-10-01,520241,RAZOR CARTRIDGE BLADES,105.081,148.61,5.001
2023-11-01,520241,RAZOR CARTRIDGE BLADES,104.652,148.003,4.997
2023-12-01,520241,RAZOR CARTRIDGE BLADES,105.474,149.166,5.005
2024-01-01,520241,RAZOR CARTRIDGE BLADES,100.331,141.892,4.955
2024-02-01,520241,RAZOR CARTRIDGE BLADES,99.906,141.759,4.954
2024-03-01,520241,RAZOR CARTRIDGE BLADES,99.531,141.227,4.95
2024-04-01,520241,RAZOR CARTRIDGE BLADES,102.691,145.711,4.982
2024-05-01,520241,RAZOR CARTRIDGE BLADES,103.025,146.185,4.985
2024-06-01,520241,RAZOR CARTRIDGE BLADES,103.206,146.441,4.987
2024-07-01,520241,RAZOR CARTRIDGE BLADES,100.906,143.178,4.964
2024-08-01,520241,RAZOR CARTRIDGE BLADES,100.08,142.006,4.956
2024-09-01,520241,RAZOR CARTRIDGE BLADES,104.761,148.648,5.002
2024-10-01,520241,RAZOR CARTRIDGE BLADES,103.602,147.003,4.99
2024-11-01,520241,RAZOR CARTRIDGE BLADES,102.976,146.115,4.984
2012-02-01,520249,BABY WIPES 50-85,98.308,98.308,4.588
2012-03-01,520249,BABY WIPES 50-85,93.619,93.619,4.539
2012-04-01,520249,BABY WIPES 50-85,98.144,98.144,4.586
2012-05-01,520249,BABY WIPES 50-85,94.094,94.094,4.544
2012-06-01,520249,BABY WIPES 50-85,99.237,99.237,4.598
2012-07-01,520249,BABY WIPES 50-85,94.715,94.715,4.551
2012-08-01,520249,BABY WIPES 50-85,95.019,95.019,4.554
2012-09-01,520249,BABY WIPES 50-85,100.514,100.514,4.61
2012-10-01,520249,BABY WIPES 50-85,98.129,98.129,4.586
2012-11-01,520249,BABY WIPES 50-85,97.288,97.288,4.578
2012-12-01,520249,BABY WIPES 50-85,100.998,100.998,4.615
2013-01-01,520249,BABY WIPES 50-85,73.595,73.595,4.299
2013-02-01,520249,BABY WIPES 50-85,105.023,77.292,4.348
2013-03-01,520249,BABY WIPES 50-85,104.536,76.933,4.343
2013-04-01,520249,BABY WIPES 50-85,93.777,69.015,4.234
2013-05-01,520249,BABY WIPES 50-85,103.243,75.982,4.33
2013-06-01,520249,BABY WIPES 50-85,103.55,76.208,4.333
2013-07-01,520249,BABY WIPES 50-85,103.702,76.319,4.335
2013-08-01,520249,BABY WIPES 50-85,99.722,73.39,4.296
2013-09-01,520249,BABY WIPES 50-85,98.823,72.729,4.287
2013-10-01,520249,BABY WIPES 50-85,98.81,72.719,4.287
2013-11-01,520249,BABY WIPES 50-85,96.435,70.971,4.262
2013-12-01,520249,BABY WIPES 50-85,97.454,71.721,4.273
2014-01-01,520249,BABY WIPES 50-85,93.424,68.755,4.231
2014-02-01,520249,BABY WIPES 50-85,104.998,72.192,4.279
2014-03-01,520249,BABY WIPES 50-85,103.266,71.001,4.263
2014-04-01,520249,BABY WIPES 50-85,103.472,71.143,4.265
2014-05-01,520249,BABY WIPES 50-85,100.582,69.156,4.236
2014-06-01,520249,BABY WIPES 50-85,92.507,63.604,4.153
2014-07-01,520249,BABY WIPES 50-85,91.828,63.137,4.145
2014-08-01,520249,BABY WIPES 50-85,92.556,63.637,4.153
2014-09-01,520249,BABY WIPES 50-85,91.865,63.162,4.146
2014-10-01,520249,BABY WIPES 50-85,91.904,63.189,4.146
2014-11-01,520249,BABY WIPES 50-85,92.471,63.579,4.152
2014-12-01,520249,BABY WIPES 50-85,90.66,62.334,4.133
2015-01-01,520249,BABY WIPES 50-85,85.167,58.557,4.07
2015-02-01,520249,BABY WIPES 50-85,103.616,60.674,4.106
2015-03-01,520249,BABY WIPES 50-85,108.898,63.767,4.155
2015-04-01,520249,BABY WIPES 50-85,107.652,63.038,4.144
2015-05-01,520249,BABY WIPES 50-85,104.07,60.94,4.11
2015-06-01,520249,BABY WIPES 50-85,106.664,62.459,4.135
2015-07-01,520249,BABY WIPES 50-85,110.509,64.711,4.17
2015-08-01,520249,BABY WIPES 50-85,105.028,61.501,4.119
2015-09-01,520249,BABY WIPES 50-85,107.608,63.012,4.143
2015-10-01,520249,BABY WIPES 50-85,102.599,60.079,4.096
2015-11-01,520249,BABY WIPES 50-85,101.642,59.518,4.086
2015-12-01,520249,BABY WIPES 50-85,101.347,59.346,4.083
2016-01-01,520249,BABY WIPES 50-85,98.41,57.626,4.054
2016-02-01,520249,BABY WIPES 50-85,103.527,59.658,4.089
2016-03-01,520249,BABY WIPES 50-85,96.99,55.891,4.023
2016-04-01,520249,BABY WIPES 50-85,98.405,56.707,4.038
2016-05-01,520249,BABY WIPES 50-85,98.31,56.652,4.037
2016-06-01,520249,BABY WIPES 50-85,96.525,55.623,4.019
2016-07-01,520249,BABY WIPES 50-85,95.93,55.28,4.012
2016-08-01,520249,BABY WIPES 50-85,97.729,56.317,4.031
2016-09-01,520249,BABY WIPES 50-85,95.527,55.048,4.008
2016-10-01,520249,BABY WIPES 50-85,98.901,56.993,4.043
2016-11-01,520249,BABY WIPES 50-85,97.481,56.174,4.028
2016-12-01,520249,BABY WIPES 50-85,96.034,55.34,4.014
2017-01-01,520249,BABY WIPES 50-85,97.204,56.015,4.026
2017-02-01,520249,BABY WIPES 50-85,96.781,54.212,3.993
2017-03-01,520249,BABY WIPES 50-85,97.523,54.627,4.001
2017-04-01,520249,BABY WIPES 50-85,97.107,54.394,3.996
2017-05-01,520249,BABY WIPES 50-85,93.105,52.152,3.954
2017-06-01,520249,BABY WIPES 50-85,95.195,53.323,3.976
2017-07-01,520249,BABY WIPES 50-85,95.619,53.561,3.981
2017-08-01,520249,BABY WIPES 50-85,93.841,52.565,3.962
2017-09-01,520249,BABY WIPES 50-85,93.888,52.591,3.963
2017-10-01,520249,BABY WIPES 50-85,94.413,52.885,3.968
2017-11-01,520249,BABY WIPES 50-85,95.497,53.492,3.98
2017-12-01,520249,BABY WIPES 50-85,95.087,53.263,3.975
2018-01-01,520249,BABY WIPES 50-85,96.591,54.105,3.991
2018-02-01,520249,BABY WIPES 50-85,102.498,55.457,4.016
2018-03-01,520249,BABY WIPES 50-85,102.75,55.593,4.018
2018-04-01,520249,BABY WIPES 50-85,98.683,53.393,3.978
2018-05-01,520249,BABY WIPES 50-85,102.766,55.602,4.018
2018-06-01,520249,BABY WIPES 50-85,101.178,54.742,4.003
2018-07-01,520249,BABY WIPES 50-85,97.624,52.82,3.967
2018-08-01,520249,BABY WIPES 50-85,102.063,55.221,4.011
2018-09-01,520249,BABY WIPES 50-85,100.999,54.646,4.001
2018-10-01,520249,BABY WIPES 50-85,100.954,54.621,4
2018-11-01,520249,BABY WIPES 50-85,103.428,55.96,4.025
2018-12-01,520249,BABY WIPES 50-85,102.694,55.563,4.018
2019-01-01,520249,BABY WIPES 50-85,96.937,52.448,3.96
2019-02-01,520249,BABY WIPES 50-85,106.905,56.069,4.027
2019-03-01,520249,BABY WIPES 50-85,103.851,54.468,3.998
2019-04-01,520249,BABY WIPES 50-85,106.406,55.808,4.022
2019-05-01,520249,BABY WIPES 50-85,106.205,55.702,4.02
2019-06-01,520249,BABY WIPES 50-85,109.481,57.42,4.05
2019-07-01,520249,BABY WIPES 50-85,105.659,55.416,4.015
2019-09-01,520249,BABY WIPES 50-85,110.042,57.715,4.056
2019-10-01,520249,BABY WIPES 50-85,105.462,55.313,4.013
2019-11-01,520249,BABY WIPES 50-85,104.533,54.825,4.004
2019-12-01,520249,BABY WIPES 50-85,107.842,56.561,4.035
2020-01-01,520249,BABY WIPES 50-85,98.344,51.579,3.943
2020-02-01,520249,BABY WIPES 50-85,100.517,51.846,3.948
2020-03-01,520249,BABY WIPES 50-85,101.572,52.39,3.959
2020-04-01,520249,BABY WIPES 50-85,105.417,54.373,3.996
2020-05-01,520249,BABY WIPES 50-85,108.353,55.888,4.023
2020-06-01,520249,BABY WIPES 50-85,105.933,54.64,4.001
2020-07-01,520249,BABY WIPES 50-85,102.123,52.674,3.964
2020-08-01,520249,BABY WIPES 50-85,102.367,52.8,3.967
2020-09-01,520249,BABY WIPES 50-85,97.68,50.383,3.92
2020-10-01,520249,BABY WIPES 50-85,97.468,50.273,3.917
2020-11-01,520249,BABY WIPES 50-85,96.826,49.942,3.911
2020-12-01,520249,BABY WIPES 50-85,96.732,49.894,3.91
2021-01-01,520249,BABY WIPES 50-85,100.483,51.828,3.948
2021-02-01,520249,BABY WIPES 50-85,100.799,52.243,3.956
2021-03-01,520249,BABY WIPES 50-85,101.393,52.55,3.962
2021-04-01,520249,BABY WIPES 50-85,99.261,51.445,3.941
2021-05-01,520249,BABY WIPES 50-85,101.995,52.862,3.968
2021-06-01,520249,BABY WIPES 50-85,104.665,54.246,3.994
2021-07-01,520249,BABY WIPES 50-85,108.67,56.322,4.031
2021-08-01,520249,BABY WIPES 50-85,108.125,56.04,4.026
2021-09-01,520249,BABY WIPES 50-85,104.501,54.161,3.992
2021-10-01,520249,BABY WIPES 50-85,111.549,57.814,4.057
2021-11-01,520249,BABY WIPES 50-85,103.552,53.669,3.983
2021-12-01,520249,BABY WIPES 50-85,107.974,55.961,4.025
2022-01-01,520249,BABY WIPES 50-85,99.381,51.508,3.942
2022-02-01,520249,BABY WIPES 50-85,105.968,54.582,4
2022-03-01,520249,BABY WIPES 50-85,99.831,51.421,3.94
2022-04-01,520249,BABY WIPES 50-85,103.777,53.453,3.979
2022-05-01,520249,BABY WIPES 50-85,102.813,52.957,3.969
2022-06-01,520249,BABY WIPES 50-85,101.799,52.434,3.96
2022-07-01,520249,BABY WIPES 50-85,106.388,54.798,4.004
2022-08-01,520249,BABY WIPES 50-85,103.316,53.216,3.974
2022-09-01,520249,BABY WIPES 50-85,107.498,55.37,4.014
2022-10-01,520249,BABY WIPES 50-85,105.474,54.327,3.995
2022-11-01,520249,BABY WIPES 50-85,107.9,55.577,4.018
2022-12-01,520249,BABY WIPES 50-85,109.727,56.518,4.035
2023-01-01,520249,BABY WIPES 50-85,102.727,52.912,3.969
2023-02-01,520249,BABY WIPES 50-85,102.511,54.241,3.993
2023-03-01,520249,BABY WIPES 50-85,103.063,54.533,3.999
2023-04-01,520249,BABY WIPES 50-85,103.551,54.791,4.004
2023-05-01,520249,BABY WIPES 50-85,102.346,54.154,3.992
2023-06-01,520249,BABY WIPES 50-85,105.076,55.598,4.018
2023-07-01,520249,BABY WIPES 50-85,103.213,54.612,4
2023-08-01,520249,BABY WIPES 50-85,105.207,55.667,4.019
2023-09-01,520249,BABY WIPES 50-85,103.998,55.028,4.008
2023-10-01,520249,BABY WIPES 50-85,103.689,54.864,4.005
2023-11-01,520249,BABY WIPES 50-85,102.387,54.175,3.992
2023-12-01,520249,BABY WIPES 50-85,102.862,54.427,3.997
2024-01-01,520249,BABY WIPES 50-85,99.431,52.611,3.963
2024-02-01,520249,BABY WIPES 50-85,100.494,52.871,3.968
2024-03-01,520249,BABY WIPES 50-85,98.91,52.038,3.952
2024-04-01,520249,BABY WIPES 50-85,97.274,51.177,3.935
2024-05-01,520249,BABY WIPES 50-85,98.564,51.856,3.948
2024-06-01,520249,BABY WIPES 50-85,98.109,51.616,3.944
2024-07-01,520249,BABY WIPES 50-85,96.496,50.768,3.927
2024-08-01,520249,BABY WIPES 50-85,96.54,50.791,3.928
2024-09-01,520249,BABY WIPES 50-85,95.766,50.384,3.92
2024-10-01,520249,BABY WIPES 50-85,96.839,50.948,3.931
2024-11-01,520249,BABY WIPES 50-85,96.738,50.895,3.93
