INDEX_DATE,ITEM_ID,ITEM_DESC,INDEX_ALGORITHM,ITEM_INDEX,ALL_GM_INDEX,COICOP_WEIGHT,ITEM_WEIGHT,CPIH_COICOP_WEIGHT
202407,210102,LGE LOAF-WHTE-UNSLED-750-800G,1,100.315,100.295,0.421,0.27,0.34
202407,210106,SIX BREAD ROLLS-WHITE/BROWN,1,98.766,98.905,0.655,0.42,0.529
202407,210111,WHITE SLICED LOAF BRANDED 750G,1,99.419,99.357,1.029,0.66,0.831
202407,210113,WHOLEMEAL SLICED LOAF BRANDED,1,100.197,100.133,0.749,0.48,0.604
202407,210114,CHILLED GARLIC BREAD,1,99.201,100.683,1.31,0.84,1.057
202407,210115,WRAP / TORTILLA PACK 6-8,1,103.39,103.688,0.374,0.24,0.302
202407,210116,GLUTEN FREE BREAD LF 300-550G,1,99.405,99.453,0.14,0.09,0.113
202407,210201,FLOUR-SELF-RAISING-1.5KG,1,99.767,99.82,0.42,0.12,0.339
202407,210204,DRY SPAGHETTI OR PASTA 500G,1,101.807,100.944,0.281,0.36,0.227
202407,210211,CORN SNACK SINGLE PACK MAX 50G,1,101.225,100.925,0.838,0.48,0.676
202407,210212,BASMATI RICE 500G-1KG,1,99.39,99.142,0.369,0.36,0.298
202407,210213,BREAKFAST CEREAL 1,1,102.742,101.412,1.056,0.3,0.852
202407,210214,BREAKFAST CEREAL 2,1,100.556,100.712,2.006,0.57,1.619
202407,210215,CEREAL BAR,1,99.308,100.23,0.412,0.36,0.333
202407,210216,HOT OAT CEREAL,1,99.765,98.552,0.422,0.12,0.341
202407,210217,RICE MICRO POUCH/TRAY 220-280G,1,102.661,101.512,0.062,0.06,0.05
202407,210219,BREAKFAST CEREAL GLUTEN FREE,1,100.128,100.18,0.211,0.06,0.17
202407,210221,COUSCOUS PLAIN/FLAVOURED,1,99.982,100.527,0.047,0.06,0.038
202407,210222,RICE CAKES PACK 100-180G,1,95.793,94.934,0.154,0.15,0.124
202407,210301,CREAM CRACKERS PACK 200G-300G,1,95.959,97.372,0.561,0.49,0.453
202407,210302,PLAIN BISCUITS-200-300G,1,99.766,100.134,1.604,1.4,1.295
202407,210320,WHOLE SPONGE CAKE NOT FROZEN,1,99.94,99.766,1.283,1.12,1.036
202407,210321,PACK OF 5-6 INDIVIDUAL CAKES,1,99.316,99.583,2.406,2.1,1.942
202407,210323,BISCUITS HALF CHOC 260-400G,1,98.22,97.688,0.802,0.7,0.647
202407,210324,CRUMPETS PACK 6-9 SPEC NUMBER,1,101.944,101.345,1.363,1.19,1.1
202407,210403,HOME KILLED BEEF-LEAN MINCE KG,1,99.892,99.869,0.78,0.9,0.63
202407,210406,HOME KLD BEEF-RUMP/POPES STEAK,1,99.064,99.073,1.066,1.23,0.861
202407,210414,FROZEN BEEFBURGERS PACK OF 4,1,97.448,97.41,0.416,0.48,0.336
202407,210416,BEEF ROASTING JOINT PER KG,1,99.735,100.338,0.338,0.39,0.273
202407,210506,HK LAMB LOIN CHOP/STEAK PER KG,1,110.914,109.624,1.709,1,1.379
202407,210707,HOME KILLED PORK CHOP/STEAK,1,100.357,100.925,1.157,1,0.934
202407,210802,BACON-GAMMON-PER KG,1,100.725,100.694,0.402,0.18,0.324
202407,210808,BACON-BACK-PER KG,1,99.936,99.776,1.83,0.82,1.477
202407,210905,FRESH/CHILLED CHICKEN  PER KG,1,101.416,100.886,0.782,1.12,0.631
202407,210910,FRESH BONELESS CHICKEN BREAST,1,98.221,98.441,1.787,2.56,1.443
202407,210914,FRESH TURKEY DICED/MIN PER KG,1,104.18,103.988,0.223,0.32,0.18
202407,211007,CANNED MEAT-STEWED STEAK,1,101.852,102.365,0.139,0.12,0.112
202407,211011,INDIVIDUAL MEAT PIE,1,100.812,100.259,0.905,0.78,0.731
202407,211014,SAUSAGES-PORK-PER KG,1,99.436,99.017,1.875,0.84,1.513
202407,211019,FROZ CHICKEN NUGGETS 220-600G,1,100.034,99.663,0.696,0.6,0.562
202407,211023,COOKED HAM PREPACKED SLICED,1,97.524,96.858,2.812,1.26,2.27
202407,211024,CONTINENTAL SLICED DELI MEAT,1,100.434,100.548,0.937,0.42,0.757
202407,211025,JOINT OV/READ GAM/POR 450-900G,1,100.994,101.177,0.139,0.12,0.112
202407,211026,CHICKEN KIEV 2 PACK 240-325G,1,105.188,105.453,0.696,0.6,0.562
202407,211027,H K LIVER PER KG STATE TYPE,1,115.442,116.388,0.201,0.06,0.162
202407,211029,COOKED MEAT TURKEY/CHICK SLICE,1,100.808,100.731,0.335,0.48,0.271
202407,211030,MEAT BASED SNACK PACK MAX 400G,1,100.557,100.557,0.835,0.72,0.674
202407,211101,FRESH WHITE FISH FILLETS KG,1,100.592,100.584,0.362,0.56,0.292
202407,211105,FRESH FISH-SALMON FILLETS-KG,1,101.689,101.936,0.634,0.98,0.511
202407,211106,FROZEN PRAWNS PER KG,1,96.594,96.289,0.914,0.46,0.738
202407,211207,"CANNED FISH, TUNA, 130G-200G",1,98.519,97.392,1.009,0.96,0.814
202407,211210,FROZEN FISH FINGERS 8-12 PK,1,104.201,103.109,0.862,0.82,0.695
202407,211211,FROZEN BREAD/BAT FISH 400-550G,1,98.956,99.416,0.231,0.22,0.187
202407,211305,SPREADABLE BUTTER,1,100.653,100.608,0.489,0.53,0.395
202407,211306,BUTTER 200-250G SPEC COO,1,103.927,103.384,0.434,0.47,0.35
202407,211408,OLIVE OIL - 500ML - 1 LITRE,1,118.674,118.493,1.02,0.76,0.823
202407,211409,"PEANUT BUTTER, JAR, 225-350G",1,96.387,92.459,0.166,0.16,0.134
202407,211410,DAIRY SPREAD/MARGARINE,1,100.377,100.931,0.975,0.94,0.787
202407,211411,DAIRY FREE SPREAD/MARGARINE,1,95.655,95.187,0.104,0.1,0.084
202407,211412,SPRAY OIL BOTTLE 190-220MLS,1,108.02,106.216,0.054,0.04,0.043
202407,211501,CHEDDAR-HOME PRODUCED PER KG,1,98.726,98.757,1.983,2,1.601
202407,211506,"CHEESE SPREAD, 110G-200G TUB",1,98.3,97.693,0.793,0.8,0.64
202407,211509,HARD REGIONAL CHEESE PER KG,1,99.094,98.633,0.238,0.24,0.192
202407,211510,PARMESAN CHEESE-PER KG,1,101.476,101.374,0.436,0.44,0.352
202407,211511,SOFT CONTINENTAL CHEESE - KG,1,99.254,99.071,0.516,0.52,0.416
202407,211604,EGGS PER DOZEN OR 2 X 6 BOX,1,101.396,101.291,1.37,1,1.105
202407,211707,DELVD MILK SEMI-SKIMMED PER PT,1,100.643,100.643,0.148,0.12,0.119
202407,211709,SHOP MILK-WHOLE MILK-4PT/2LTR,1,99.89,99.878,0.601,0.54,0.485
202407,211710,MILK SEMI-PER 2 PINTS/1.136 L,1,99.751,99.793,2.183,1.77,1.762
202407,211713,"MILK FLAVOURED, 180-500MLS/GMS",1,99.055,98.517,0.282,0.24,0.227
202407,211714,NON-DAIRY MILK DRINK 900ML-1LT,1,99.502,99.257,0.387,0.33,0.313
202407,211807,"YOGHURT/FROMAGE 4-6PK, 45-125G",1,107.302,106.153,1.62,1.8,1.308
202407,211808,CHILLED POT DESSERT 125-200G,1,101.888,101.203,0.986,0.84,0.796
202407,211814,YOGHURT-SMALL INDIVIDUAL,1,100.223,100.181,0.504,0.56,0.407
202407,211815,FRESH DOUBLE CREAM 250ML-300ML,1,102.236,102.488,0.563,0.48,0.455
202407,211816,POWDERED BABY FORMULA 400-900G,1,95.303,95.342,0.376,0.32,0.303
202407,211901,TEA BAGS PKT OF 80 (230G-250G),1,102.818,102.986,0.473,0.67,0.381
202407,211904,TEA BAGS PACKET OF 210-240,1,106.476,106.308,0.141,0.2,0.114
202407,211905,"FLAVRD TEA 15-20 BAGS, 30-40G",1,102.575,101.946,0.092,0.13,0.074
202407,212001,"FRUIT SQUASH, 750ML - 1.5LT",1,96.531,96.463,0.881,0.81,0.711
202407,212006,FRUIT JUICE NOT ORANGE 1L,1,102.192,101.867,0.587,0.54,0.474
202407,212008,LEMONADE-2 LITRE BOTTLE,1,100.672,100.878,0.196,0.18,0.158
202407,212010,MINERAL WATER STILL 1.5-2L,1,99.009,99.968,0.283,0.45,0.228
202407,212015,FIZZY ENERGY DRINK 250-500ML,1,106.649,106.191,1.274,1.17,1.029
202407,212016,FRESH/CHILL ORANGE JUICE 900ML,1,96.548,97.769,0.881,0.81,0.711
202407,212017,FIZZY BOTTLED DRINK 500ML,1,100.618,100.781,1.568,1.44,1.266
202407,212020,FRUIT DRINK BOTTLE 4-8 PACK,1,101.884,101.838,0.098,0.09,0.079
202407,212021,BOTTLE STILL WATER 500ML,1,100.951,101.145,0.283,0.45,0.228
202407,212022,MIXER DRINK BOTTLE 1L EG TONIC,1,98.989,98.366,0.588,0.54,0.475
202407,212023,COLA/FIZZY DRINK 330ML PK 4-8,1,100.763,100.81,0.392,0.36,0.316
202407,212024,FLAVOURED WATER BOTT 900ML-1.5,1,109.768,108.26,0.34,0.54,0.274
202407,212025,"COLA DRINK, REG,BOTTLE,1.25-2L",1,100.561,100.267,0.588,0.54,0.475
202407,212026,"COLA DRINK, DIET 1.25-2LTR",1,97.197,95.832,0.882,0.81,0.712
202407,212027,FRUIT/VEG SMOOTHIE,1,100.914,100.151,0.294,0.27,0.237
202407,212101,SUGAR -GRANULATED-WHITE-PER KG,1,101.732,101.598,0.599,0.32,0.484
202407,212106,JAR OF JAM-340-454G,1,96.643,96.414,0.689,0.5,0.556
202407,212107,HONEY JAR/BOTTLE 340G-454G,1,97.767,96.243,0.248,0.18,0.2
202407,212202,MINTS,1,101.098,102.008,0.044,0.12,0.035
202407,212211,CHOCOLATE 4,1,102.469,102.846,0.791,2.16,0.639
202407,212214,FRUIT PASTILLES 2,1,109.069,109.889,0.44,1.2,0.355
202407,212217,CHEWING/BUBBLE GUM-SINGLE PK,1,101.839,101.984,0.088,0.24,0.071
202407,212218,CARTON/BOX OF CHOCS 150-400GM,1,95.828,96.418,1.355,1.32,1.094
202407,212222,CHOCOLATE 10,1,102.209,102.33,1.848,1.8,1.491
202407,212223,BRAND CHOC SWEETS 90-185G BAG,1,104.289,104.221,0.616,0.6,0.497
202407,212224,"SWEETS, NOT CHOC, 150-250G BAG",1,100.293,100.194,0.527,1.44,0.426
202407,212225,CHOCOLATE LARGE BAR 100-200G,1,111.149,110.901,1.848,1.8,1.491
202407,212226,CHOCOLATE 12,1,102.323,101.732,0.44,1.2,0.355
202407,212228,MALTED CHOCOLATE SWEETS,1,103.005,103.115,0.044,0.12,0.035
202407,212309,POTATOES-NEW-PER KG,1,104.191,105.353,0.244,0.24,0.197
202407,212310,POTATOES- OLD WHITE PER KG,1,119.826,120.351,0.59,0.58,0.476
202407,212311,POTATOES- BAKING PR KG,1,107.786,108.044,0.183,0.18,0.148
202407,212402,POTATO CRISPS 25G-50G,1,100.865,100.913,0.733,0.42,0.592
202407,212404,POTATO CRISPS-MULTI-PACK,1,98.284,97.684,1.937,1.11,1.564
202407,212405,FROZEN CHIPS 900G-1.5KG,1,95.585,95.776,0.946,0.93,0.763
202407,212408,PREMIUM POTATO CRISPS/CHIPS,1,93.613,93.498,0.471,0.27,0.38
202407,212409,P'PARED MASHED POTATO 400-650G,1,99.993,99.309,0.275,0.27,0.222
202407,212504,FRESH VEG-CAULIFLOWER-EACH,1,116.125,116.182,0.419,0.42,0.339
202407,212510,FRESH VEG-CUCUMBER-WHOLE,1,104.961,104.227,0.36,0.36,0.29
202407,212511,FRESH VEG-LETTUCE-ICEBERG-EACH,1,116.006,116.396,0.3,0.3,0.242
202407,212515,FRESH VEG-TOMATOES-PER KG,1,98.496,98.856,0.959,0.96,0.774
202407,212516,FRESH VEG-CABBAGE-WHOLE-PER KG,1,103.831,103.639,0.18,0.18,0.145
202407,212518,FRESH VEG-CARROTS-PER KG,1,104.518,105.557,0.3,0.3,0.242
202407,212519,FRESH VEG-ONIONS-PER KG,1,98.949,98.882,0.599,0.6,0.484
202407,212520,FRESH VEG-MUSHROOMS-PER KG,1,100.512,99.977,0.479,0.48,0.387
202407,212530,FRESH VEG-BROCCOLI-PER KG,1,99.956,102.013,0.24,0.24,0.193
202407,212531,FRESH VEG-COURGETTE-PER KG,1,99.022,98.581,0.419,0.42,0.339
202407,212532,FRESH VEG-PEPPERS -LOOSE OR KG,1,102.902,104.753,0.419,0.42,0.339
202407,212533,VEGETABLE STIR FRY FRESH PACK,1,100.298,101.066,0.3,0.3,0.242
202407,212535,SWEET POTATO PER KG OR EACH,1,104.688,104.972,0.269,0.36,0.217
202407,212536,GREEN BEANS PER KG OR PACK,1,101.556,100.636,0.24,0.24,0.193
202407,212537,PREPACKED SALAD 75 - 250G,1,98.632,98.132,0.419,0.42,0.339
202407,212601,CANNED TOMATOES 390-400G,1,97.354,97.508,0.281,0.4,0.227
202407,212603,"BAKED BEANS, 400-425G TIN",1,98.419,96.852,0.351,0.5,0.283
202407,212608,CANNED SWEETCORN 198-340G,1,98.296,98.406,0.197,0.28,0.159
202407,212609,FROZEN GARDEN PEAS 800G-1KG,1,102.656,102.358,0.189,0.2,0.152
202407,212612,FROZEN PRE-PREPARED VEGTABLES,1,99.136,98.256,0.302,0.32,0.243
202407,212613,PULSES CAN 390 - 420G,1,92.847,91.328,0.211,0.3,0.17
202407,212709,ORANGES-CLASS 1-EACH,1,95.507,96.804,0.304,0.24,0.246
202407,212710,AVOCADO PEAR-EACH,1,102.149,103.373,0.533,0.42,0.43
202407,212712,KIWI FRUIT-EACH,1,97.794,97.844,0.228,0.18,0.184
202407,212715,GRAPEFRUIT-EACH,1,105.117,105.104,0.228,0.18,0.184
202407,212717,APPLES-DESSERT-PER KG,1,106.164,105.793,0.38,0.3,0.307
202407,212718,PEARS-DESSERT-PER KG,1,105.541,105.159,0.228,0.18,0.184
202407,212719,BANANAS-PER KG,1,100.071,100.099,0.837,0.66,0.675
202407,212720,STRAWBERRIES PER KG OR PUNNET,1,77.203,77.7,0.989,0.78,0.798
202407,212722,GRAPES-PER KG,1,98.956,98.761,0.685,0.54,0.553
202407,212725,SMALL TYPE ORANGES PER PACK/KG,1,96.111,95.474,0.228,0.18,0.184
202407,212726,PLUMS PER KG/PACK,1,105.929,104.17,0.533,0.42,0.43
202407,212730,FRUIT FRESH SNACKING 150-350G,1,100.744,101.095,0.38,0.3,0.307
202407,212732,LEMON EACH,1,98.3,97.356,0.228,0.18,0.184
202407,212733,BLUEBERRIES PUNNET OR PER KG,1,94.181,94.542,0.609,0.48,0.491
202407,212734,RASPBERRIES PUNNET OR PER KG,1,97.739,98.346,0.456,0.36,0.368
202407,212735,APPLES DESSERT EACH,1,101.913,103.48,0.38,0.3,0.307
202407,212736,MELON EACH EG HONEYDEW,1,100.472,99.776,0.228,0.18,0.184
202407,212737,PINEAPPLE EACH,1,99.052,96.813,0.152,0.12,0.123
202407,212806,PACKET OF PEANUTS 150-300G,1,106.329,104.584,1.084,1.16,0.875
202407,212807,CANNED FRUIT-400-450G,1,103.334,103.59,0.251,0.28,0.202
202407,212808,DRIED FRUIT - EG APRICOTS,1,101.606,101.664,0.374,0.4,0.302
202407,212809,BERRIES FROZEN PACK,1,99.075,99.198,0.143,0.16,0.116
202407,212905,VEGETABLE PICKLE 280-520G,1,101.438,101.498,0.091,0.13,0.074
202407,212910,CANNED SOUP-390-425G,1,98.419,96.898,0.547,0.52,0.442
202407,212917,TOMATO KETCHUP BOTTLE 340-570G,1,96.845,98.163,0.587,0.78,0.474
202407,212918,FRZN READY-COOKD MEAL SERVES 1,1,99.039,98.868,0.286,0.65,0.231
202407,212923,COOK-IN SAUCE-JAR/CAN 350-520G,1,101.992,99.697,0.881,1.17,0.711
202407,212928,FROZ VEG BURGER/GRILL 180-454G,1,100.989,100.873,0.365,0.52,0.295
202407,212930,MAYONNAISE 390-500G/420-540MLS,1,100.192,100.602,0.49,0.65,0.395
202407,212933,ICE CREAM 450ML-1L,1,99.51,99.291,0.965,0.52,0.779
202407,212934,DRIED POTTED SNACK 50-120G,1,95.292,97.148,0.508,0.65,0.41
202407,212936,CHILLED READY MEAL-MEAT-SERVS1,1,101.443,101.377,0.743,1.69,0.6
202407,212937,CHILLED READY MEAL-FISH/VEG,1,101.315,101.466,0.628,1.43,0.507
202407,212938,CHOCOLATE COVERED ICE CREAM,1,99.421,99.149,1.207,0.65,0.974
202407,212939,CHILLED PIZZA EACH 300-600G,1,101.197,101.246,0.948,1.3,0.765
202407,212940,PROTEIN POWDER 900G-2KG,1,95.106,94.817,0.274,0.26,0.221
202407,212941,QUICHE 340G-450G,1,100.663,100.002,0.19,0.26,0.153
202407,212942,VEGETABLE CRISPS PACK 80-125G,1,101.962,102.807,0.227,0.13,0.183
202407,212943,YORKSHIRE PUDDING FROZEN,1,101.286,101.85,0.298,0.26,0.24
202407,212944,SAUSAGE MEAT FREE CHILLED PACK,1,104.884,106.608,0.456,0.65,0.368
202407,212945,HERBS DRIED JAR 3 - 20G,1,98.319,99.742,0.49,0.65,0.395
202407,212946,SUNFLOW/PUMPK SDS PK 100-300G,1,100.92,100.958,0.121,0.13,0.098
202407,213003,COFFEE-INSTANT 90 -100G JAR,1,100.761,99.503,0.88,0.98,0.71
202407,213005,HOT CHOCOLATE DRINK INSTANT,1,112.637,112.594,0.232,0.16,0.187
202407,213006,COFFEE PODS PACK 8-16,1,100.103,100.171,0.341,0.38,0.275
202407,213007,COFFEE SACHETS PACK,1,99.622,100.386,0.431,0.48,0.348
202407,220107,PUB -HOT MEAL,1,104.086,104.145,5.739,4.4,4.632
202407,220116,LEMONADE/COLA DRAUGHT,1,104.597,105.166,1.435,1.1,1.158
202407,220117,BOTTLED MINERAL WATER,1,102.685,102.748,1.435,1.1,1.158
202407,220120,IN STORE CAFETERIA MEAL,1,102.788,102.338,4.591,3.52,3.706
202407,220121,RESTAURANT CUP OF COFFEE,1,103.197,103.416,1.435,1.1,1.158
202407,220122,RESTAURANT - SWEET COURSE,1,102.737,102.808,2.87,2.2,2.316
202407,220123,ONBOARD CATERING,1,104.379,104.218,1.04,0.44,0.839
202407,220124,MUFFIN/INDIVIDUAL CAKE,1,103.662,103.388,3.443,2.64,2.779
202407,220125,FRUIT JUICE BOTTLE 250-350ML,1,103.194,103.185,1.435,1.1,1.158
202407,220128,RESTAURANT MAIN COURSE,1,102.603,102.673,5.739,4.4,4.632
202407,220208,STAFF RESTAURNT HOT SNACK ITEM,1,101.387,101.186,0.431,0.16,0.348
202407,220209,PRIMARY SCHOOL- FIXED CHARGE,1,99.109,95.637,0.916,0.34,0.739
202407,220210,SECONDARY SCHOOL- CAFETERIA,1,102.355,102.308,0.916,0.34,0.739
202407,220214,STAFF RESTAURANT MAIN COURSE,1,101.892,102.332,0.431,0.16,0.348
202407,220301,FISH & CHIPS TAKEAWAY,1,102.301,102.391,2.765,1.17,2.231
202407,220303,SANDWICH-TAKE-AWAY (COLD),1,101.725,101.275,4.915,2.08,3.967
202407,220310,POTATO CRISPS-INDIVIDUAL PACK,1,102.81,102.592,0.678,0.52,0.547
202407,220316,PIZZA TAKEAWAY OR DELIVERED,1,103.611,103.613,2.765,1.17,2.231
202407,220318,INDIAN TAKEAWAY,1,102.155,102.099,2.765,1.17,2.231
202407,220319,CHINESE TAKEAWAY,1,101.404,101.433,2.765,1.17,2.231
202407,220320,TAKEAWAY SOFT DRINK,1,101.022,100.908,0.922,0.39,0.744
202407,220323,KEBAB- TAKEAWAY,1,105.108,105.17,2.457,1.04,1.984
202407,220324,CINEMA POPCORN,1,101.146,101.219,0.678,0.52,0.547
202407,220326,TAKEAWAY CHICKEN & CHIPS,1,101.913,102.055,2.765,1.17,2.231
202407,220327,T'AWAY COOKED SAVOURY PASTRY,1,102.874,102.996,2.765,1.17,2.231
202407,220328,BURGER IN A BUN EAT IN OR TAKE,1,102.319,102.399,2.765,1.17,2.231
202407,220329,HOT DRINK TAKE AWAY SPECIFY TY,1,103.514,103.528,0.614,0.26,0.496
202407,310102,DRAUGHT BITTER (PER PINT),1,102.274,101.947,5.869,4.5,4.738
202407,310109,LAGER - PINT 3.4-4.2%,1,102.602,102.665,7.043,5.4,5.685
202407,310110,PREMIUM LAGER - PINT 4.3-7.5%,1,102.973,103.115,6.104,4.68,4.927
202407,310111,BOTTLED PREMIUM LAGER 4.3-7.5%,1,102.763,102.803,1.409,1.08,1.137
202407,310114,CIDER 4.5%-5.5% ABV PINT/BOTTL,1,102.55,102.661,3.052,2.34,2.464
202407,310207,BITTER-4CANS-440-500ML,1,97.55,97.705,0.81,0.36,0.654
202407,310215,LAGER 4 BOTTLES- PREMIUM,1,100.217,100.163,1.666,1.98,1.345
202407,310216,LAGER 10 - 24 CANS (440-500ML),1,99.395,99.646,0.959,1.14,0.774
202407,310217,LAGER 10-24 BOTTLES 250-330ML,1,95.832,95.963,0.808,0.96,0.652
202407,310219,STOUT - 4 CAN PACK,1,98.595,98.583,0.405,0.18,0.327
202407,310220,SPEC'Y BEER BOTT 500ML 4-5.5,1,100.656,100.651,0.81,0.36,0.654
202407,310221,APPLE CIDER 4 CAN PK 440-500ML,1,100.227,99.716,0.632,0.54,0.51
202407,310222,CIDER FLAVOURED BOTT 500-568ML,1,98.088,97.771,0.562,0.48,0.454
202407,310301,WHISKY (PER NIP) SPECIFY ML,1,103.002,102.855,3.156,2.42,2.548
202407,310302,VODKA (PER NIP) SPECIFY ML,1,102.776,102.906,7.174,5.5,5.79
202407,310306,BOTTLE OF MIXER 125-200ML,1,100.654,99.289,0.861,0.66,0.695
202407,310307,LIQUEUR PER NIP   SPECIFY ML,1,103.094,103.167,4.591,3.52,3.706
202407,310310,"WINE, PER 175 - 250 ML SERVING",1,103.774,103.747,4.304,3.3,3.474
202407,310315,BOTTLE OF WINE 70-75CL,1,102.425,102.396,4.017,3.08,3.243
202407,310316,GIN PER NIP,1,102.057,101.836,4.591,3.52,3.706
202407,310401,WHISKY-70 CL BOTTLE,1,97.932,97.968,1.627,1.98,1.313
202407,310403,VODKA-70 CL BOTTLE,1,98.198,98.326,1.627,1.98,1.313
202407,310405,BRANDY 70CL BOTTLE,1,96.337,97.966,0.296,0.36,0.239
202407,310406,FORTIFIED WINE  (70-75CL),1,103.2,102.962,0.415,0.36,0.335
202407,310419,WHITE WINE- EUROPEAN 75CL,1,99.767,100.218,1.232,1.62,0.994
202407,310420,WHITE WINE- NEW WORLD 75CL,1,98.632,98.753,1.916,2.52,1.547
202407,310423,BOTTLE OF CHAMPAGNE 75 CL,1,98.582,98.576,0.411,0.54,0.331
202407,310425,ROSE WINE-75CL BOTTLE,1,98.948,98.858,0.684,0.9,0.552
202407,310426,SPARKLING WINE 75CL MIN 11%ABV,1,98.833,100.058,0.958,1.26,0.773
202407,310427,RUM WHITE 70cl BOTTLE,1,98.464,98.512,0.591,0.72,0.477
202407,310428,CREAM LIQUER 70CL-1LT 14-20%,1,102.044,102.179,0.296,0.36,0.239
202407,310429,GIN BOTTLE 70CL,1,99.984,99.843,1.035,1.26,0.835
202407,310430,PRE MIXED SPIRIT 250-330ML,1,101.546,101.659,0.591,0.72,0.477
202407,310431,RED WINE 75CL BOTTLE,1,100.519,100.175,2.601,3.42,2.099
202407,320108,CIGARETTES 8,1,103.258,103.281,5.995,5.94,4.839
202407,320115,CIGARETTES 15,1,104.765,104.809,4.905,4.86,3.959
202407,320122,20 FILTER - OTHER BRAND,1,103.996,103.949,4.724,4.68,3.813
202407,320123,ELECTRONIC CIGARETTE REFILL/LI,1,100.562,99.66,0.308,1.26,0.249
202407,320124,E-CIG REFILL BOTTL/CART 2-10ML,1,99.959,100.294,0.308,1.26,0.249
202407,320205,5 CIGARS: SPECIFY BRAND,1,101.51,101.717,0.178,0.64,0.144
202407,320206,HAND ROLLING TOBACCO PACK 30GM,1,104.573,104.764,1.8,7.36,1.453
202407,410105,LOCAL AUTH RENT - SCOTLAND,1,104.212,104.212,1.478,1.76,1.193
202407,410107,UNIVERSITY ACCOMODATION FEES,1,100,100,3.469,0,2.8
202407,410108,RSL RENTS,1,107.021,107.021,14.775,17.6,11.926
202407,410114,IMPUTED RENTS - N.IRELAND,1,101.719,101.719,0,0,3.299
202407,410116,IMPUTED RENTS - ENGLAND,1,104.113,104.113,0,0,143.485
202407,410117,IMPUTED RENTS - WALES,1,103.802,103.802,0,0,6.597
202407,410118,IMPUTED RENTS -SCOTLAND,1,102.474,102.474,0,0,11.545
202407,410119,PRIVATE RENTED PROPERTY,1,104.314,104.305,50.975,60.72,41.145
202407,410201,MORTGAGE INTEREST PAYMENTS,1,109.973,109.973,0,37,0
202407,410401,E & W SEWERAGE CHARGE,2,109.199,109.199,4.318,5.98,3.485
202407,410402,ENGLAND & WALES WATER CHARGES,2,106.757,106.756,3.96,5.59,3.196
202407,410403,SCOTLAND WATER CHARGES,1,108.788,108.788,0.46,0.65,0.372
202407,410405,SCOTTISH SEWERAGE CHARGE,1,108.772,108.772,0.563,0.78,0.455
202407,410508,PLUMBER-DAYTIME HOURLY RATE,2,100,100,0.631,3.41,0.51
202407,410509,ELECTRICIAN-DAYTIME RATE/HOUR,2,100.221,100.201,0.393,2.53,0.317
202407,410517,DECORATOR-DAILY RATE;SPEC HRS,2,100.145,100.132,0.399,2.53,0.322
202407,410518,CARPENTER HOURLY RATE,2,101.102,101.002,0.379,2.53,0.306
202407,410602,READY-MIXED FILLER-INT USE,1,99.936,99.713,0.05,0.21,0.04
202407,410607,PAINT BRUSH-2INCH/5CM WIDTH,1,99.268,100.818,0.083,0.35,0.067
202407,410611,DOOR HANDLE-PACK FOR ONE DOOR,2,101.275,100.804,1.535,0.98,1.239
202407,410614,POWER DRILL-HAMMER ACTION,2,101.554,101.283,0.356,0.35,0.288
202407,410621,VARNISH-CLEAR GLOSS-750ML-1LTR,1,99.622,99.946,0.05,0.21,0.04
202407,410625,SCREWDRIVER,2,102.383,101.688,0.527,0.35,0.425
202407,410629,WALLPAPER PER ROLL,1,103.241,100.903,0.199,0.84,0.161
202407,410631,SHOWER HEAD,2,99.49,99.369,0.233,0.98,0.188
202407,410632,HIRE OF DOMES CARPET CLEANER,1,100.702,100.707,0.21,0.21,0.17
202407,410633,MDF,1,99.797,98.927,0.199,0.84,0.161
202407,410637,CERAMI TILES 15X15-25X50CM BOX,2,95.665,93.264,0.05,0.21,0.04
202407,410638,WOODSCREWS STEEL/ZIN PLATED PK,1,100.061,100.457,0.403,0.63,0.325
202407,410639,PAINT GLOSS/EMUL 750ML-2.5LTR,2,100.896,100.386,0.199,0.84,0.161
202407,410701,DWELLING INSURANCE,2,113.876,111.831,0,4.24,0
202407,410703,GROUND RENT,1,101.117,101.117,0,3.76,0
202407,410801,HOUSE DEPRECIATION,1,101.117,101.117,0,76,0
202407,420103,SMOKELESS FUEL 50KG,1,99.98,99.908,0.427,1,0.345
202407,420201,ELECTRICITY,1,83.627,83.627,23.314,26,18.818
202407,420301,GAS,1,77.151,77.151,15.804,18,12.756
202407,420404,BUTANE GAS,1,102.132,102.079,0.356,0.32,0.288
202407,420405,KEROSENE - 1000L DELIVERED,2,94.701,94.583,0.987,1.68,0.797
202407,430101,DOUBLE WARDROBE,2,101.353,100.638,0.984,0.95,0.794
202407,430104,ARMCHAIR -UPHOLSTERED,2,102.044,100.795,1.574,1.52,1.27
202407,430119,KITCH BASE UNIT WIDTH 800-1000,2,101.076,100.842,1.574,1.52,1.27
202407,430120,COFFEE TABLE,2,99.416,97.564,0.394,0.38,0.318
202407,430127,CHEST OF DRAWERS,2,99.88,98.707,0.787,0.76,0.635
202407,430132,MATTRESS- 3FT/90CM,2,101.416,100.686,1.377,1.33,1.112
202407,430133,BOOKCASE/FREESTAND SHELV UNIT,2,101.376,100.731,0.787,0.76,0.635
202407,430134,TABLE LAMP,2,99.838,99.114,0.593,0.38,0.479
202407,430136,PATIO TABLE & CHAIRS-SEASONAL,2,84.47,81.836,0.193,0.57,0.156
202407,430137,LEATHER SETTEE,2,100.552,99.467,3.542,3.42,2.859
202407,430138,HOME OFFICE DESK,2,95.616,94.519,0.394,0.38,0.318
202407,430139,KITCH WALL UNIT WIDTH 800-1000,2,101.679,101.083,1.377,1.33,1.112
202407,430141,DINING TABLE & 2-6 CHAIRS,2,99.156,98.096,1.377,1.33,1.112
202407,430142,HIGH CHAIR,2,100.353,99.054,0.116,0.19,0.094
202407,430143,"SETTEE,NON LEATHER - SEE HELP",2,99.192,98.357,1.574,1.52,1.27
202407,430144,BED ADULT SPECIFY SIZE,2,103.494,102.188,2.755,2.66,2.223
202407,430211,DUVET-DOUBLE TOG 10-13.5,2,102.53,101.332,0.952,0.36,0.768
202407,430216,DUVET COVER,2,102.029,100.672,0.952,0.36,0.768
202407,430224,FITTED BED SHEET,2,101.705,100.792,0.952,0.36,0.768
202407,430228,BATH SHEET,2,102.369,100.832,0.879,0.81,0.709
202407,430229,FABRIC ROLLER BLIND 120-180CM,2,99.618,99.309,1.102,0.81,0.89
202407,430233,CARPET TUFTED 100% MANMADE FIB,2,105.832,103.534,1.583,1.53,1.278
202407,430234,CARPET TUFTED MIN 80% WOOL FIB,2,102.685,102.088,1.583,1.53,1.278
202407,430235,FLOOR RUG STATE SIZE & MATERIA,2,101.144,98.443,1.583,1.53,1.278
202407,430236,CURTAINS READY MADE SP'FY SIZE,2,101.474,100.396,1.102,0.81,0.89
202407,430237,LUXURY VINYL TILE PER SQ M,2,101.492,101.048,0.769,0.9,0.621
202407,430304,ELECTRIC COOKER,2,99.57,98.749,0.328,0.64,0.265
202407,430307,ELECTRIC KETTLE - 1.5-1.7L,2,97.452,96.407,0.616,0.72,0.497
202407,430317,ELECTRIC IRON,2,93.223,92.048,0.218,0.16,0.176
202407,430321,ELECTRIC RAZOR,2,101.697,98.12,0.096,0.08,0.077
202407,430323,PHONE NT MOBILE(SPEC DIG/ANAL),2,89.425,88.047,0.194,0.08,0.157
202407,430351,ELECTRIC HAIR STYLING APP,2,109.431,107.134,0.574,0.48,0.463
202407,430355,VACUUM CLEANER,2,104.975,103.571,1.072,0.88,0.865
202407,430356,DISH WASHER 12-15 PLACE SET,2,97.7,97.366,0.547,0.32,0.441
202407,430357,SMART PHONE HANDSETS,2,87.163,85.554,0.826,1.04,0.667
202407,430358,ELECTRIC HEATER -SEASONAL,2,86.818,82.459,1.695,0.56,1.368
202407,430359,ELECTRIC COOLING FAN -SEASONAL,2,102.05,98.185,0.139,0.56,0.112
202407,430361,WASHING MACH NO DRYER MAX 1800,2,99.943,99.29,1.23,0.72,0.993
202407,430362,FRIDGE/FREEZER SPEC CAPACITIES,2,98.247,97.383,1.514,1.2,1.222
202407,430363,ELECTRIC TOOTHBRUSH,2,97.531,95.94,0.096,0.08,0.077
202407,430364,SECURITY / SURVEILLANCE CAMERA,2,123.354,118.839,0.221,0.16,0.178
202407,430365,AIR FRYER SPECIFY CAPACITY,2,104.414,102.415,0.079,0.32,0.064
202407,430407,SMALL SAUCEPAN 14-18 CMS,2,101.243,99.63,0.822,0.64,0.664
202407,430409,SCISSORS - HOUSEHOLD,2,101.697,100.921,0.822,0.64,0.664
202407,430413,GAS FIRE,2,102.622,102.451,1.386,0.36,1.119
202407,430414,GAS COOKERS-SPECIFY MAKE & MOD,2,100.104,99.928,0.195,0.16,0.157
202407,430418,PLASTIC FOOD STORAGE CONTAINER,1,98.945,98.314,0.719,0.56,0.581
202407,430419,STAINLESS STEEL CUTLERY SET,2,103.059,101.741,0.296,0.2,0.239
202407,430422,PLAIN GLASS TUMBLER,1,100.776,98.271,0.487,0.4,0.393
202407,430423,FRYING PAN 24-30CM,2,102.315,101.25,0.822,0.64,0.664
202407,430425,"DINNER PLATE, APPROX DIAMETER",2,104.693,102.312,0.487,0.4,0.393
202407,430503,BALL POINT,1,102.149,102.404,0.77,0.48,0.622
202407,430505,ALUMIN COOKING FOIL 290-300MM,1,99.055,98.941,0.384,0.6,0.31
202407,430507,WASHING UP LIQUID 320-900ML,1,99.625,99.347,0.418,0.36,0.337
202407,430509,HOUSEHOLD CLEANER CREAM/LIQUID,1,104.802,105.15,0.974,0.84,0.786
202407,430524,LIGHT BULB,1,100.136,100.47,0.662,0.48,0.534
202407,430525,CLEAR STICKY TAPE,1,97.746,98.16,0.307,0.48,0.248
202407,430526,GREETINGS CARD; STATE CODE,1,99.709,99.879,2.865,0.6,2.312
202407,430527,A4 PRINTER PAPER (500 REAM),1,109.126,109.241,0.894,0.48,0.721
202407,430529,BLEACH 750ML,1,101.35,101.702,0.974,0.84,0.786
202407,430530,BLACK INKJET CARTRIDGE,2,105.458,103.869,0.77,0.48,0.622
202407,430531,FABRIC CONDITIONER 500ML-1.5LT,1,100.364,101.487,0.418,0.36,0.337
202407,430533,KITCHEN ROLL PK OF 2-4 SPECIFY,1,99.446,99.229,0.384,0.6,0.31
202407,430535,SHEET OF WRAPPING PAPER,1,106.411,105.405,0.894,0.48,0.721
202407,430536,TOILET ROLLS,1,97.297,96.766,2.712,1.56,2.189
202407,430538,DISHWASHER TABLETS PACK 16-45,1,101.362,100.886,0.418,0.36,0.337
202407,430539,DRYCELL BATTERY 4 PACK EG AA,1,100.485,99.944,0.766,0.6,0.618
202407,430540,WASHING LIQUID 800ML/1.5LTR,1,107.033,106.905,0.418,0.36,0.337
202407,430541,LIGHT BULB SMART/WIFI,2,97.067,95.799,0.539,0.48,0.435
202407,430542,SURFACE WIPES ANTIBACTERIAL,1,102.87,102.043,0.974,0.84,0.786
202407,430543,BIN LINERS KITCHEN USE,1,98.091,99.597,0.461,0.72,0.372
202407,430613,DOG FOOD-CAN-385-400GM,1,97.825,96.793,1.81,1.2,1.461
202407,430617,ANIMAL CAGE (E.G FOR GERBIL),2,124.625,120.422,0.603,0.4,0.487
202407,430621,ANNUAL BOOSTER INJECTION,1,104.273,104.245,2.921,1.8,2.358
202407,430622,DOG KENNEL FEES DAILY CHARGE,2,104.103,103.936,2.921,1.8,2.358
202407,430623,SMALL CAGED MAMMAL,2,96.504,96.221,0.482,1,0.389
202407,430624,CAT FOOD POUCH-IND-85G-100G,1,102.219,99.581,2.714,1.8,2.191
202407,430626,"DOG TREATS,SPEC,TYPE 70-400G",1,98.648,97.811,1.96,1.3,1.582
202407,430627,PET COLLAR DOG / CAT,2,104.039,102.631,0.603,0.4,0.487
202407,430628,WILD BIRD SEED PACK 900G -3.5K,1,92.853,94.101,0.452,0.3,0.365
202407,440101,DOMESTIC CLEANER HOURLY RATE,2,102.855,102.576,0.46,1.76,0.371
202407,440104,DRY CLEANING-MAN'S SUIT,1,104.029,103.966,0.477,0.33,0.385
202407,440105,DRIVING LESSON 1 HOUR,1,102.611,102.483,0.835,0.44,0.674
202407,440112,ELECTRICAL SERVICE CHARGE,2,100.834,100.761,0.374,0.66,0.302
202407,440113,WINDOW-CLEAN 3-BED SEMI,2,102.048,101.663,0.259,0.99,0.209
202407,440116,WASHING MACHINE REPAIR,2,100.854,100.726,0.125,0.22,0.101
202407,440118,PC REPAIR,2,100.112,100.097,0.105,0.11,0.084
202407,440120,CHILD MINDER - HOURLY RATE,1,102.314,102.07,4.195,0.88,3.386
202407,440121,"EVENT CATERING, SET MENU, COST",2,104.439,103.935,0.717,0.55,0.579
202407,440122,HOME DELIVERY CHARGES,2,101.914,101.873,1.668,0.33,1.347
202407,440123,HOME REMOVAL- 1 VAN,2,102.714,102.441,2.252,0.44,1.817
202407,440126,WEEKLY NANNY FEES,2,103.3,103.008,2.439,0.88,1.969
202407,440127,MONTHLY SELF STORAGE FEE,2,103.914,102.859,2.252,0.44,1.817
202407,440128,HOME CARE ASSISTANT HRLY RATE,2,105.58,105.289,3.428,1.87,2.767
202407,440129,PLAYGROUP FEES - PER SESSION,2,100.261,100.154,3.291,0.77,2.657
202407,440131,WATCH BATTERY REPLACEMENT,2,101.995,101.71,0.667,0.22,0.538
202407,440132,MEN'S CLOTHING HIRE- SEE HELP,2,101.731,101.596,0.115,0.11,0.093
202407,440202,ESTATE AGENT FEES (PERCENTAGE),1,102.096,102.096,0,2.42,0
202407,440204,TRADE UNION & PROF ORGS SUBS,1,102.835,102.835,4.449,0.88,3.591
202407,440208,HOUSE CONTENTS INSURANCE,2,107.793,105.564,0.569,3.08,0.459
202407,440218,SRVYRS FEES MORTGAGE VALUATION,1,99.761,99.761,1.112,0.22,0.898
202407,440224,DRIVING TEST FEES,1,100,100,0.417,0.22,0.337
202407,440226,HOME-BUYERS SURVEY-RSDNTL PPTY,2,100.517,100.444,0,0.22,0
202407,440227,FUNERAL-CREMATION,2,104.837,104.701,3.185,0.44,2.571
202407,440229,BIRTHS DEATHS AND MARRIAGES,1,100,100,0.239,0.22,0.193
202407,440230,UNI (INTL STUDENT) TUITION,1,100,100,8.066,0,6.51
202407,440231,PASSPORT FEES,1,107.358,107.358,0.239,0.22,0.193
202407,440232,NURSERY FEES: CHILD 0-4,2,105.231,104.963,2.802,0.66,2.261
202407,440233,NEWSPAPER AD NON TRADE 20 WORD,2,100.739,100.739,1.112,0.22,0.898
202407,440237,UNIT TRUSTS COMM-ONGOING CHG,1,101.577,101.577,2.519,0,2.033
202407,440239,UK UNIVERSITY TUITION FEES,2,100,100,12.03,3.52,9.71
202407,440240,BASIC WILL FOR A SINGLE PERSON,2,104.242,103.743,1.631,0.22,1.317
202407,440241,STOCKBROKER COMMISSION FEE,1,100.781,100.781,3.002,0,2.423
202407,440246,PET INSURANCE,2,106.107,106.063,1.93,1.76,1.558
202407,440247,BANKER'S DRAFT,1,91.785,91.785,0.467,0.22,0.377
202407,440249,HOUSE CONVEYANCING,2,103.636,102.935,0,1.1,0
202407,440250,PACKAGED CURRENT ACCOUNTS,1,107.255,107.255,3.744,0.22,3.022
202407,440251,OPEN UNIVERSITY FEES,1,100,100,0,0,0
202407,440252,MONEY TRANSFERS,1,102.072,102.072,0.547,0.22,0.441
202407,440254,HOURLY RATE FOR SOLICITOR,2,101.493,101.36,1.631,0.22,1.317
202407,440255,CREDIT CARD FEES,1,97.813,97.813,2.987,0.22,2.411
202407,440256,MORTGAGE ARRANGEMENT FEES,1,100.131,100.131,2.418,0.22,1.952
202407,440257,HOUSEHLD SERVICES MAINT POLICY,2,102.148,102.13,0.244,1.32,0.197
202407,440258,DATING AGENCY FEES,2,121.075,120.563,1.112,0.22,0.898
202407,440302,LETTER HANDLING SERVICES,1,115.349,115.349,0.587,0.59,0.474
202407,440303,PARCEL DELIVERY SERVICES,1,106.128,105.326,0.408,0.41,0.329
202407,440401,TELEPHONE CHARGES,1,107.804,107.804,0.817,0.23,0.66
202407,440402,MOBILE PHONE CHARGES,1,109.267,109.267,7.071,7.36,5.707
202407,440403,CABLE TELEPHONES,1,100,100,0.597,0.23,0.481
202407,440405,DIRECTORY ENQUIRIES,1,100.121,100.121,0.376,0.23,0.303
202407,440406,SUBSCRIPTION TO INTERNET,1,105.833,105.025,0.726,0.92,0.586
202407,440408,MOBILE PHONE APPLICATIONS,1,93.131,92.375,1.606,2.3,1.297
202407,440409,BUNDLED TELECOMS SERVICES,1,105.514,105.514,8.959,11.73,7.232
202407,510104,MENS JACKET/COAT,2,100.589,93.73,0.574,0.3,0.463
202407,510106,MENS JEANS,2,102.338,100.427,1.033,0.54,0.834
202407,510108,MEN'S JUMPER-KNITTED,2,102.049,98.037,0.574,0.3,0.463
202407,510109,MEN'S FORMAL SHIRT-LONG SLEEVE,2,104.655,103.192,0.803,0.42,0.648
202407,510113,MENS CASUAL S/SLEEVE TOP,2,105.393,102.334,0.803,0.42,0.648
202407,510117,MEN'S FORMAL RDY-MADE TROUSERS,2,103.731,101.224,0.574,0.3,0.463
202407,510118,MEN'S CASUAL TROUSERS,2,105.797,102.724,0.803,0.42,0.648
202407,510120,MEN'S JUMPER OR SWEATSHIRT,2,100.33,96.678,0.574,0.3,0.463
202407,510122,MEN'S TRACKSUIT/JOGGIN BOTTOMS,2,98.894,96.22,0.459,0.24,0.371
202407,510124,MENS SHORTS NOT SWIMWEAR,2,116.422,109.043,0.459,0.24,0.371
202407,510126,MENS BRANDED T-SHIRT,2,161.848,130.318,0.574,0.3,0.463
202407,510127,MENS OFFICIAL FOOTBALL SHIRT,2,99.919,95.789,0.459,0.24,0.371
202407,510128,MEN'S BRANDED SPORT SWEATSHIRT,2,108.169,106.54,0.574,0.3,0.463
202407,510130,MENS 3/4 TO FULL LENGTH COAT,2,102.946,98.305,0.574,0.3,0.463
202407,510131,MENS CASUAL SHIRT,2,102.893,98.547,0.689,0.36,0.556
202407,510132,MEN'S T-SHIRT SHORT SLEEVED,2,100.646,97.918,0.574,0.3,0.463
202407,510133,MENS LOUNGEWEAR BOTTOMS,2,105.802,101.361,0.344,0.18,0.278
202407,510134,MENS FORMAL JACKET/BLAZER,2,103.24,100.14,1.033,0.54,0.834
202407,510206,WOMENS BLOUSE/SHIRT 1,2,110.273,105.112,0.713,0.44,0.576
202407,510208,WOMEN'S FORMAL JACKET,2,113.628,105.568,0.713,0.44,0.576
202407,510212,WOMEN'S JUMPER,2,102.086,92.865,0.891,0.55,0.719
202407,510215,WOMENS BASIC PLAIN T-SHIRT,2,104.578,100.814,0.891,0.55,0.719
202407,510219,WOMEN'S CASUAL OUTER JACKET,2,102.367,94.754,0.713,0.44,0.576
202407,510223,WOMEN'S LONG SLV TOP-NT BLOUSE,2,122.21,106.228,0.535,0.33,0.432
202407,510233,WOMEN'S CARDIGAN,2,107.32,99.283,0.891,0.55,0.719
202407,510235,WOMEN'S TROUSERS-CASUAL,2,104.974,99.342,1.783,1.1,1.439
202407,510236,WOMEN'S TROUSERS-FORMAL,2,104.662,98.228,0.891,0.55,0.719
202407,510237,WOMEN'S SKIRT: CASUAL,2,107.854,98.878,0.713,0.44,0.576
202407,510238,WOMEN'S SKIRT: WORK/FORMAL,2,118.266,105.68,1.07,0.66,0.863
202407,510244,WOMEN'S VEST/STRAPPY TOP,2,106.866,100.473,0.535,0.33,0.432
202407,510245,WOMENS DRESS -CASUAL/FORMAL,2,115.049,101.786,1.783,1.1,1.439
202407,510246,WOMENS SHORT SLEEVE SPORTS TOP,2,102.901,101.041,0.357,0.22,0.288
202407,510248,WOMEN'S JEANS- OWN BRAND,2,98.722,96.05,0.535,0.33,0.432
202407,510249,WOMEN'S JEANS- BRANDED,2,109.128,102.722,0.535,0.33,0.432
202407,510250,WOMEN'S COAT - SEE HELP SCREEN,2,100.656,93.821,0.713,0.44,0.576
202407,510254,WOMENS SPORTSWEAR SHORTS,2,100.798,99.55,0.357,0.22,0.288
202407,510255,WOMEN'S SWIMWEAR,2,106.679,104.447,0.178,0.11,0.144
202407,510256,WOMEN'S SHOWERPROOF JACKET,2,100.634,97.492,0.713,0.44,0.576
202407,510257,WOMENS BLOUSE / SHIRT 2,2,116.537,106.314,0.535,0.33,0.432
202407,510258,WOMENS LEGGINGS FULL LENGTH,2,108.308,99.334,0.357,0.22,0.288
202407,510259,WOMENS SHORT SLEEVE FORMAL TOP,2,123.185,111.403,0.891,0.55,0.719
202407,510260,WOMENS EXERCISE LEGGINGS,2,97.104,95.827,0.357,0.22,0.288
202407,510261,WOMEN'S SWEATSHIRT,2,106.799,102.301,0.178,0.11,0.144
202407,510324,TROUSERS  FOR SCHOOL 5-13 YRS,2,101.852,98.768,0.843,0.3,0.68
202407,510328,BOYS JEANS (5-13 YEARS),2,95.241,91.435,0.843,0.3,0.68
202407,510330,BABY SLEEPSUIT LONG SLEEVE,2,105.763,100.506,0.421,0.15,0.34
202407,510336,GIRLS SKIRT FOR SCHOOL 5-13YRS,2,101.1,96.541,0.674,0.24,0.544
202407,510340,GIRLS FASHION TOP 12-13 YEARS,2,104.849,98.915,0.674,0.24,0.544
202407,510344,GIRLS TROUSERS NOT DENIM 5-13,2,104.376,99.954,0.674,0.24,0.544
202407,510347,GIRLS JACKET (5-13 YEARS),2,102.265,97.23,0.674,0.24,0.544
202407,510348,BOYS T-SHIRT 3-13 YEARS,2,101.967,98.85,0.843,0.3,0.68
202407,510349,GIRLS LEGGINGS 5-13 YEARS,2,101.57,95.822,0.674,0.24,0.544
202407,510350,BOY'S JUMPER/SWTSHRT/CARDIGAN,2,106.079,101.489,0.843,0.3,0.68
202407,510351,INFANT'S TROUSERS 0-2 YEARS,2,104.369,100.974,0.421,0.15,0.34
202407,510352,INFANT'S JUMPR/SWTSHRT/CARDIGN,2,99.051,91.181,0.421,0.15,0.34
202407,510353,DRESS 0 - 2 YEARS,2,97.533,90.436,0.421,0.15,0.34
202407,510402,MEN'S PANTS/BOXER SHORTS,2,99.489,98.488,0.612,0.32,0.494
202407,510405,WOMEN'S NIGHTDRESS/PYJAMAS,2,105.067,100.744,0.454,0.28,0.366
202407,510406,WOMEN'S PANTS,2,100.78,100.221,0.454,0.28,0.366
202407,510407,"BRA, CUP SIZE A-D RANGE",2,103.421,100.416,0.454,0.28,0.366
202407,510413,MENS SOCKS 1 PAIR,2,100.712,99.536,0.612,0.32,0.494
202407,510415,WOMEN'S TIGHTS,2,103.925,102.098,0.454,0.28,0.366
202407,510419,MEN'S TIE,2,100.056,98.493,0.541,0.08,0.437
202407,510429,KNITTING WOOL-DOUBLE KNIT-100G,1,99.795,100.074,1.7,0.32,1.372
202407,510432,LADY'S SCARF,2,97.99,93.79,1.047,0.2,0.845
202407,510433,MENS BASE LAYER TOP LONG/SHORT,2,100.858,99.631,0.459,0.24,0.371
202407,510434,"HAT/CAP, ADULT",2,102,99.156,1.615,0.32,1.304
202407,510435,SPORTS BRA / CROP TOP,2,199.826,196.555,0.389,0.24,0.314
202407,510436,CHILDS PYJAMAS 3 - 13 YRS,2,89.08,84.298,0.45,0.16,0.363
202407,510437,CHILDS PANTS ONE PAIR 3 - 13,1,96.87,97.696,0.45,0.16,0.363
202407,510438,CHILDS SOCKS ONE PAIR UK9,1,98.846,98.837,0.45,0.16,0.363
202407,510439,MENS BELT,2,101.454,100.642,0.541,0.08,0.437
202407,510440,WOMENS SOCK 1 PAIR,2,105.794,104.023,0.454,0.28,0.366
202407,510501,MENS SHOE FORMAL STYLE,2,101.899,100.98,0.354,0.3,0.285
202407,510506,WOMEN'S SANDALS,2,100.946,96.719,0.568,0.25,0.458
202407,510507,BOY'S SHOES,2,102.518,101.316,0.376,0.2,0.304
202407,510508,GIRL'S SHOES SCHOOL,2,105.545,102.92,0.376,0.2,0.304
202407,510515,MEN'S SHOE CASUAL STYLE,2,100.264,98.303,0.354,0.3,0.285
202407,510516,MEN'S TRAINING SHOE-SPORTSWEAR,2,100.02,99.555,0.766,0.65,0.618
202407,510517,WOMEN'S TRAINING SHOES,2,102.164,101.419,1.363,0.6,1.1
202407,510528,CHILD'S TRAINERS-SPORTS,2,108.669,106.89,0.658,0.35,0.531
202407,510529,WOMANS BOOTS,2,106.71,103.607,0.568,0.25,0.458
202407,510530,"WOMEN'S SHOES-FLAT MAX 1"" HEEL",2,103.408,99.487,0.909,0.4,0.733
202407,510533,WOMENS SHOE,2,102.679,98.472,0.909,0.4,0.733
202407,510534,WALKING/HIKING BOOT,2,100.028,98.467,0.707,0.6,0.571
202407,510535,CANVAS FASHION ADULT SHOE/TRAI,2,110.183,105.706,0.589,0.5,0.476
202407,520103,LADY'S UMBRELLA -FOLDING,2,97.117,96.237,0.202,0.4,0.163
202407,520109,LADIES HAND/SHLDER BAG,2,101.106,99.061,0.441,0.32,0.356
202407,520118,FLOWER VASE,2,98.9,98.167,0.876,0.72,0.707
202407,520123,EARRINGS- FASHION,2,105.531,103.633,0.438,0.08,0.354
202407,520130,SOLID GOLD RING 9CT,2,105.682,105.038,2.192,0.4,1.769
202407,520131,GENT'S WATCH- ANALOGUE FACE,2,101.057,100.377,1.462,0.32,1.18
202407,520132,WALL HANGING MIRROR UPTO 1.5SQ,2,102.085,99.603,0.439,0.72,0.354
202407,520134,LUGGAGE TROLLEY CASE - 60-70CM,2,101.042,99.828,0.441,0.32,0.356
202407,520135,DIAMOND SOLITAIRE RING,2,100.913,99.428,2.192,0.4,1.769
202407,520136,PHOTO FRAME,2,100.902,99.916,0.364,0.72,0.294
202407,520137,STERLING SILVER EARRINGS,2,105.113,103.62,0.438,0.08,0.354
202407,520138,SPECTACLE FRAMES WITH LENSE,2,101.387,101.129,1.637,1.12,1.322
202407,520139,DAILY DISPOSABLE SOFT LENSES,2,102.935,102.663,1.403,0.96,1.133
202407,520140,NECKLACE FASHION APX 16/20 INS,2,100.549,98.136,0.877,0.16,0.708
202407,520141,MOBILE PHONE ACCESSORY,2,100.148,98.363,0.508,0.64,0.41
202407,520142,RE-USABLE BOTTLE/MUG ADULT,2,102.609,101.128,0.514,0.4,0.415
202407,520143,SMARTWATCH,2,100.601,99.407,0.412,0.24,0.332
202407,520202,INDIGESTION TABLETS 16-24 PACK,1,106.901,105.996,1.031,0.42,0.832
202407,520207,NHS PRESCRIPTION CHARGES,1,102.591,102.591,1.031,0.42,0.832
202407,520209,TOOTHPASTE (SPECIFY SIZE),1,104.018,102.868,0.973,0.56,0.786
202407,520213,TISSUES-LARGE SIZE BOX,1,93.594,91.415,0.973,0.56,0.786
202407,520215,MOISTURISER FACIAL 50-150ML,2,95.999,93.83,0.73,0.42,0.589
202407,520216,DEODORANT/ANTI PERSPI 50-250ML,1,102.239,103.034,0.73,0.42,0.589
202407,520219,"DISP NAPPIES, SPEC TYPE, 20-60",1,93.359,94.597,0.73,0.42,0.589
202407,520222,MULTI-VITAMINS CAPSULES/TABLET,1,100.003,100.303,1.031,0.42,0.832
202407,520223,MASCARA,2,100.418,100.118,0.73,0.42,0.589
202407,520226,SHAMPOO-250-400ML,1,100.519,99.081,0.73,0.42,0.589
202407,520227,PAIN KILLER TABLETS-16-24 PACK,1,101.733,101.989,1.031,0.42,0.832
202407,520228,PLASTERS-20-40 PACK,1,97.803,98.701,0.365,0.28,0.295
202407,520230,CONDOMS PACK OF 3-14,2,100.919,100.799,0.26,0.28,0.21
202407,520234,PERFUME/FRAGRANCE MEN OR WOMEN,2,104.219,102.803,0.73,0.42,0.589
202407,520235,SUNSCREEN - SPEC SIZE/SPF,2,98.115,96.895,0.73,0.42,0.589
202407,520236,WOMENS HAIR COLOURANT 60-140ML,1,103.747,104.308,0.73,0.42,0.589
202407,520237,HAIR GEL 150-200ML,1,111.056,121.499,0.487,0.28,0.393
202407,520238,SHOWER GEL 150-250ML,1,96.12,96.679,0.73,0.42,0.589
202407,520241,RAZOR CARTRIDGE BLADES,1,100.95,100.906,0.652,0.42,0.526
202407,520242,COLD/FLU DRINK POWDER,1,102.027,101.298,1.031,0.42,0.832
202407,520243,LIQUID FOUNDATION 30-35ML,2,100.487,100.199,0.73,0.42,0.589
202407,520244,TOOTHBRUSH,1,101.83,101.718,0.652,0.42,0.526
202407,520245,ANTIHISTAMINE ALLERGY TABLETS,1,92.819,93.501,1.031,0.42,0.832
202407,520246,LIP GLOSS,2,100.63,100.398,0.73,0.42,0.589
202407,520247,LIQUID SOAP 200-300ML,1,102.884,103.375,0.73,0.42,0.589
202407,520248,CONDITIONER FOR HAIR,1,98.851,99.463,0.73,0.42,0.589
202407,520249,BABY WIPES 50-85,1,95.85,96.496,0.73,0.42,0.589
202407,520250,NAIL VARNISH BOTTLE 6 - 14mls,2,101.403,101.002,0.73,0.42,0.589
202407,520251,COUGH LIQUID BOTTLE 150-200MLS,1,103.933,104.481,1.031,0.42,0.832
202407,520252,BODY M'RISING LOTION 200-400ML,2,100.772,98.892,0.73,0.42,0.589
202407,520253,SELF TANNING PRODUCT,2,99.559,98.949,0.73,0.42,0.589
202407,520255,MOUTHWASH BOTTLE 300-600MLS,1,97.265,97.97,0.973,0.56,0.786
202407,520256,SANITARY TOWELS PACK 10-20,1,101.924,102.041,0.973,0.56,0.786
202407,520301,MAN'S HAIRCUT,2,103.139,102.867,1.415,1.2,1.142
202407,520303,WOMEN'S HRDRESSING-CUT/BLOWDRY,2,103.766,103.574,1.851,1.35,1.494
202407,520305,PRIVATE HEALTH CARE 1,1,102.593,102.593,1.316,1.2,1.062
202407,520306,PRIVATE HEALTH CARE 2,1,106.305,106.305,0.987,0.9,0.797
202407,520311,WOMENS HIGHLIGHTING,2,103.29,103,1.029,0.75,0.83
202407,520313,NON-NHS MEDICINE-PHYSIOTHERAPY,2,102.289,102.161,2.039,0.75,1.646
202407,520318,SLIMMING CLUBS,1,100,100,1.109,1.05,0.895
202407,520319,LA SUPPORTED RES IN RET HOMES,1,105.362,105.362,0.016,0,0.013
202407,520321,PRIVATE HEALTH CARE 3,1,102.593,102.593,1.709,0,1.38
202407,520322,PRIVATE HEALTH CARE 4,1,106.305,106.305,1.282,0,1.035
202407,520324,RESIDENTIAL HOME,2,104.448,104.25,0.048,0.3,0.039
202407,520325,NURSING HOME,2,104.038,103.865,2.991,0.3,2.414
202407,520326,PRIVATE DENTAL EXAMINATION,2,102.884,102.558,2.177,2.4,1.757
202407,520327,NHS DENTAL CHARGES,1,103.941,103.941,0.953,1.05,0.769
202407,520328,DENTAL INSURANCE,1,101.554,101.554,1.152,1.05,0.929
202407,520330,SELF PAY OPERATIONS,1,101.802,101.802,2.137,0.75,1.725
202407,520331,BASIC MANICURE,2,104.608,103.996,0.95,0.9,0.767
202407,520332,NON NHS CHIROPRACTOR,2,101.898,101.777,2.039,0.75,1.646
202407,520333,NEXT DAY BOUQUET DELIVERY - UK,1,100,100,0.266,0.3,0.214
202407,610110,CARAVANS,1,100,100,1.315,2.55,1.062
202407,610112,MOTORCYCLES,1,100.111,100.09,0.332,0.51,0.268
202407,610113,NEW PETROL/DIESEL CARS,1,100.99,100.99,9.012,10.2,7.274
202407,610114,ELECTRIC/HYBRID CARS,1,100.307,100.307,7.66,8.67,6.183
202407,610115,E BIKE ADULT SPEC GEARS AND WA,2,97.242,96.579,0.332,0.51,0.268
202407,610116,SECOND HAND PETROL CARS,2,100.658,100.658,14.86,17.85,11.994
202407,610117,SECOND HAND DIESEL CARS,2,97.928,97.928,8.916,10.71,7.197
202407,610204,"CAR TYRE, STATE SIZE",2,103.084,102.508,0.828,0.9,0.668
202407,610207,MOTOR-CAR SPARE PARTS,2,100.82,100.718,1.107,0.9,0.893
202407,610221,WINDSCREEN WIPER BLADES,2,98.442,97.629,1.107,0.9,0.893
202407,610227,"CAR MOT TEST FEE, VAT EXEMPT",2,101.575,101.441,1.366,0.72,1.103
202407,610228,ROADSIDE RECOVERY SERVICE,1,79.405,79.268,0.617,0.54,0.498
202407,610231,CAR SERVICE- LOCAL GARAGE,2,103.164,103.023,1.645,1.44,1.328
202407,610232,CAR SERVICE- MAIN DEALER,2,102.464,102.239,1.645,1.44,1.328
202407,610235,CAR REPAIRS MAIN DEALER,2,102.335,102.15,3.907,3.42,3.153
202407,610236,CAR REPAIRS LOCAL GARAGE,2,101.626,101.422,3.701,3.24,2.987
202407,610237,CAR BULB 12 VOLT SPECIFY WATTS,2,99.675,99.547,1.107,0.9,0.893
202407,610238,CAR WASH HAND OR AUTOMATIC,2,102.144,101.88,0.822,0.72,0.664
202407,610241,WHEEL ALIGNMENT,2,103.544,103.309,1.645,1.44,1.328
202407,610242,EXHAUST FITTING FAST FIT,2,101.899,101.376,1.645,1.44,1.328
202407,610303,OIL PER LITRE-MULTIGRADE,1,99.222,99.329,0.4,0.27,0.323
202407,610307,ULTRA LOW SULPHUR DIESEL RPI,1,101.472,101.472,0,9.99,0
202407,610308,ULTRA LOW SULPHUR PETROL RPI,1,103.382,103.382,0,16.74,0
202407,610309,ULTRA LOW SULPHUR DIESEL CPI,1,101.409,101.409,11.865,0,9.577
202407,610310,ULTRA LOW SULPHUR PETROL CPI,1,103.278,103.278,18.598,0,15.011
202407,610409,VEHICLE EXCISE DUTY,1,105.403,105.403,13.207,6.96,10.66
202407,610417,CAR INSURANCE,2,100.12,96.998,2.854,22.04,2.303
202407,620101,LONDON TRANSPORT RAIL FARES,1,101.7,101.7,1.777,0.9,1.434
202407,620105,OTHER UNDERGROUND/METRO FARES,1,100.386,100.386,0.296,0.15,0.239
202407,620106,EURO TUNNEL FARES,1,140.845,140.845,0.483,0.3,0.39
202407,620108,RAIL FARES GB PEAK,1,104.238,104.238,1.773,1.1,1.431
202407,620109,RAIL FARES GB OFF PEAK,1,104.504,104.504,1.773,1.1,1.431
202407,620110,RAIL FARES GB SUPER OFF PEAK,1,104.496,104.496,0.564,0.35,0.455
202407,620111,RAIL FARES GB ADVANCE,1,106.706,106.706,1.45,0.9,1.171
202407,620112,RAIL FARES GB SHORT SEASON,1,104.697,104.697,0.242,0.15,0.195
202407,620113,RAIL FARES NI ALL,1,100,100,0.081,0.05,0.065
202407,620203,COACH FARES,1,111.359,111.359,0.544,0.4,0.439
202407,620205,BUS FARES,1,102.5,102.5,2.176,1.6,1.756
202407,620302,TAXI FARES,2,104.391,104.385,1.331,0.8,1.075
202407,620303,SELF-DRIVE VAN HIRE,2,99.572,98.648,0.31,0.32,0.25
202407,620304,PUSHCHAIR/STROLLER,2,102.435,101.49,0.169,0.16,0.136
202407,620307,SELF-DRIVE CAR HIRE BASIC 24HR,2,107.666,103.627,0.31,0.32,0.25
202407,620308,MINICAB FARE FOR 2 MILES,1,101.604,101.521,1.331,0.8,1.075
202407,620310,AIR FARES,1,152.423,152.423,5.836,10.56,4.711
202407,620311,SEA FARES,1,123.974,123.974,1.27,0.32,1.025
202407,620313,ROAD TOLLS,1,103.532,103.532,0.146,0.32,0.117
202407,620314,BOATS,2,103.103,99.935,0.817,0.32,0.66
202407,620315,CAR PARK CHARGES,2,105.138,104.538,0.146,0.32,0.117
202407,620317,CHILDS BICYCLE,2,102.227,101.851,0.733,0.64,0.591
202407,620318,ADULT BIKE,2,101.885,100.989,0.733,0.64,0.591
202407,620319,CYCLE HELMET 12+ SPEC ROAD/MOU,2,101.894,101.442,0.655,0.16,0.529
202407,620320,AIRPORT PARKING,2,122.933,119.704,0.073,0.16,0.059
202407,620321,CAR SEAT TODDLER/CHILD,2,99.177,98.392,0.169,0.16,0.136
202407,630122,PC PERIPHERALS,1,93.874,91.815,1.519,0.45,1.226
202407,630127,PERSONAL COMPUTERS (CPI),2,92.709,91.775,0.23,0.15,0.186
202407,630129,LAPTOP COMPUTERS,2,91.575,89.701,1.243,0.81,1.003
202407,630138,DIGITAL RADIO (DAB),2,104.416,102.5,0.197,0.03,0.159
202407,630153,TABLET COMPUTERS,2,96.565,95.255,0.691,0.45,0.557
202407,630156,HEADPHONES/EARPHO SPECIFY TYPE,2,98.594,97.167,0.207,0.27,0.167
202407,630159,"TELEVISION 39"" OR SMALLER",2,103.915,102.625,0.61,0.24,0.492
202407,630160,"TELEVISION 40"" OR LARGER",2,100.917,99.605,0.763,0.3,0.616
202407,630161,DIGITAL MEDIA PLAYER,2,102.452,102.168,0.076,0.03,0.062
202407,630162,PORTABLE SPEAKER,2,98.5,96.89,0.393,0.06,0.317
202407,630163,SMART SPEAKER,1,147.023,146.729,0.203,0.06,0.163
202407,630164,DVD/BLU RAY PLAYER,2,104.126,103.477,0.076,0.03,0.062
202407,630165,PORTABLE DIGITAL MUSIC PLAYER,2,97.989,97.424,0.334,0.03,0.269
202407,630166,SOUNDBAR,2,101.322,98.866,0.393,0.06,0.317
202407,630167,PRINTER,2,111.913,109.274,0.101,0.03,0.082
202407,630223,CDS- PURCH OVER INTERNET,1,114.312,118.741,0.462,0.08,0.373
202407,630224,INTERNET DVDS,1,96.863,95.87,0.635,0.11,0.513
202407,630225,MUSIC DOWNLOADS,1,101.935,102.46,0.404,0.07,0.326
202407,630226,RECORDABLE CD PRICE PER CD,2,102.375,101.783,0.192,0.04,0.155
202407,630228,PRE-RECORDED DVD (FILM),2,92.635,87.627,0.693,0.12,0.559
202407,630230,CD ALBUM (TOP 40),1,121.295,120.951,0.635,0.11,0.513
202407,630232,INTERNET BLU-RAY DISC,1,99.93,98.63,0.231,0.04,0.186
202407,630233,BLU RAY DISC (FILM) FROM CHART,2,93.601,89.983,0.173,0.03,0.14
202407,630234,COMPUTER SOFTWARE,2,94.569,91.768,1.8,0.21,1.453
202407,630235,VINYL ALBUM,2,129.116,135.686,1.097,0.19,0.886
202407,630309,BOXED BOARD GAME: NOT TRAVEL,2,99.722,97.998,0.434,0.16,0.35
202407,630312,CHILD'S PLASTIC DOLL,2,99.185,96.345,0.667,0.4,0.538
202407,630313,MODEL ROAD VEHICLE,1,97.562,98.698,0.667,0.4,0.538
202407,630314,CONSTRUCTION TOY: SPEC KIT NO,2,101.196,100.124,0.534,0.32,0.431
202407,630317,"SLEEPING BAG, ADULT",2,102.064,101.475,0.958,0.24,0.773
202407,630332,CHILD'S SOFT TOY/TEDDY BEAR,2,98.735,97.285,0.534,0.32,0.431
202407,630333,COMPUTER GAMES CONSOLE,1,98.177,98.177,1.084,0.4,0.875
202407,630334,INTERNET COMPUTER GAMES,1,98.738,98.76,0.434,0.16,0.35
202407,630336,FOOTBALL,2,92.929,92.305,1.134,0.24,0.915
202407,630340,CARBON FIBRE FISHING ROD,2,100.027,99.592,1.134,0.24,0.915
202407,630341,PRESCHOOL ACTIVITY TOY,2,100.793,99.243,1.067,0.64,0.861
202407,630342,BEGINNER'S ACOUSTIC GUITAR,2,97.394,96.314,0.505,0.24,0.408
202407,630343,MEN'S FOOTBALL BOOTS,2,100.282,99.311,1.134,0.24,0.915
202407,630345,GOLF BALLS PRICE PER BALL,1,100.743,100.533,1.134,0.24,0.915
202407,630347,CHILD'S BABY DOLL,2,102.005,100.828,0.4,0.24,0.323
202407,630348,WATERSPORTS EQUIPMENT,2,99.595,98.93,3.363,0.24,2.714
202407,630357,SQUASH/TENNIS RACQUET,2,106.288,105.835,1.134,0.24,0.915
202407,630359,DIGITAL DEVELOPMENT PER PRINT,2,103.94,103.166,1.016,0.32,0.82
202407,630365,CRAFT KIT FOR CHILD 5 YRS+,2,101.821,100.175,0.267,0.16,0.215
202407,630368,ELECTRONIC EDUCATIONAL TOY,2,104.548,103.433,0.267,0.16,0.215
202407,630369,CHARCOAL BBQ NOT DISPOSABLE,2,100.138,96.996,0.639,0.16,0.515
202407,630371,INTERCHANGEABLE LENS DIGI CAM,2,98.435,97.664,0.396,0.08,0.319
202407,630372,COMPUTER GAME DOWNLOADS,1,89.043,80.89,0.867,0.32,0.7
202407,630373,JIGSAW MINIMUM 100 PIECES,2,97.943,97.059,0.267,0.16,0.215
202407,630374,CHILDS SCOOTER AGE 5-12 YEARS,2,97.339,96.672,0.4,0.24,0.323
202407,630376,CHILDS SIT & RIDE TOY U'ER 5'S,2,100.034,99.2,0.133,0.08,0.108
202407,630377,ACTION CAMERA,2,91.185,90.578,0.396,0.08,0.319
202407,630378,COMPUTER GAME 1,2,104.545,101.338,0.217,0.08,0.175
202407,630379,COMPUTER GAME 2,2,80.084,74.059,0.217,0.08,0.175
202407,630380,COMPUTER GAME 3,2,91.753,89.015,0.434,0.16,0.35
202407,630381,HAND WEIGHTS FOR HOME EXERCISE,2,103.326,102.563,1.134,0.24,0.915
202407,630382,CRAFT HOBBY KIT ADULT,2,100.15,98.896,0.434,0.16,0.35
202407,630383,COMPUTER GAME ACCESSORY,2,95.646,95.387,0.217,0.08,0.175
202407,630384,SD CARD SINGLE,2,114.043,109.933,0.107,0.16,0.087
202407,630385,USB STICK EACH,2,103.064,101.534,0.107,0.16,0.087
202407,630386,CARD GAME,2,96.963,94.834,0.434,0.16,0.35
202407,630407,SUNDAY NEWSPAPERS,1,106.471,106.471,0.354,0.18,0.286
202407,630408,NATIONAL DAILY NEWSPAPERS,1,105.517,105.517,1.476,0.75,1.191
202407,630412,PERIODICALS,1,102.664,102.664,1.036,0.54,0.836
202407,630425,BOOK-NON-FICTION-HARD-COVER,2,127.8,123.578,1.142,0.27,0.922
202407,630426,BOOK-NON-FICTION-PAPER-BACK,1,102.805,101.758,1.396,0.33,1.127
202407,630434,BOOK ILLUSTRATED FOR UNDER 5,1,101.65,102.094,0.209,0.09,0.169
202407,630435,BOOK - FICTION - HARD COVER,2,130.35,125.765,0.139,0.06,0.113
202407,630436,PROVINCIAL NEWSPAPERS,1,106.15,106.15,0.354,0.18,0.286
202407,630437,BOOK - TEENAGE FICTION,2,104.06,103.022,0.209,0.09,0.169
202407,630438,EBOOKS,1,113.913,113.637,0.032,0.21,0.026
202407,630439,BOOK FICTION P/BACK TOP 10,2,101.228,101.008,0.488,0.21,0.394
202407,630440,"CHILDS BOOK, FICTION 6-12YRS",2,99.731,99.475,0.209,0.09,0.169
202407,630505,GARDEN SPADE,2,100.074,98.768,0.753,0.5,0.608
202407,630507,HOUSEPLANT,1,100.429,102.763,0.309,0.25,0.25
202407,630510,POTTING COMPOST,1,99.671,99.349,0.443,0.35,0.358
202407,630518,CUT FLOWERS-CARNATIONS-STEM,1,102.705,102.054,1.785,1.4,1.441
202407,630519,POTTED SHRUB,2,104.489,103.367,1.423,1.15,1.149
202407,630520,"MOWER ELECTRIC, SPECIFY TYPE",2,97.888,97.391,0.56,0.55,0.452
202407,630524,INTERNET FLOWERS/BOUQUET,1,101.799,101.799,0.3,0.2,0.242
202407,630525,PLANT FOOD 800ML-2LT/500G-1.5K,1,97.797,97.827,0.38,0.3,0.307
202407,630526,"SEEDS,PKT,SPEC VAR(SEASONAL)",1,107.822,106.843,0.371,0.3,0.3
202407,640119,DIGITAL TV MONTHLY SUBS,1,105.694,105.694,3.045,4.42,2.457
202407,640124,TV LICENCE,1,106.604,106.604,5.552,8.06,4.481
202407,640125,TV RENTALS,1,93.095,93.095,0.177,0.13,0.143
202407,640127,DVD RENT/VID ON DEM SUBS SERVS,2,114.267,114.267,0.531,0.39,0.429
202407,640211,HISTORIC MONUMENTS - ADMISSION,1,108.25,108.25,0.389,0.13,0.314
202407,640212,THEATRE ADULT EVES-FRONT STLLS,2,110.981,108.612,3.24,0.91,2.615
202407,640217,ATTRACTIONS,1,108.195,108.195,0.445,0.26,0.359
202407,640219,SWIMMING POOL ADM STND ADULT,1,104.952,104.71,0.498,0.39,0.402
202407,640221,FOOTBALL ADMISSION (GB),1,100,100,0.668,0.39,0.539
202407,640222,EXERCISE CLASS UPTO 1HR,1,105.115,104.824,0.498,0.39,0.402
202407,640224,TEN-PIN BOWLING PER GAME,1,102.617,103.005,0.498,0.39,0.402
202407,640226,PRIVATE HEALTH CLUB ANNUAL FEE,2,103.81,103.412,1.993,1.56,1.608
202407,640228,LEISURE CLASSES,1,100,100,3.487,2.73,2.815
202407,640229,GOLF GREEN FEES,1,157.325,148.301,0.498,0.39,0.402
202407,640230,HORSERACING ADMISSIONS,1,103.723,103.723,0.668,0.39,0.539
202407,640234,CINEMA ADMISSION,2,99.706,99.107,1.957,0.39,1.579
202407,640236,LIVE MUSIC,1,109.201,109.201,3.24,0.91,2.615
202407,640238,ADMISSION TO CULTURAL EVENT,1,118.944,118.944,1.168,0.39,0.943
202407,640239,SOCIAL SUBSCRIPTIONS,1,107.505,107.505,2.726,0.91,2.201
202407,640240,LIVERY CHARGES PER WEEK,2,101.853,101.75,2.597,0.39,2.096
202407,640241,MUSIC STREAMING SUBSCRIPTIONS,1,104.369,104.369,0.358,0.52,0.289
202407,640242,GAMES CONSOLES ONLINE SUB SERV,1,100.809,100.491,1.328,1.04,1.072
202407,640243,SOFT PLAY SESSION TIME PERIOD,2,102.531,102.414,0.498,0.39,0.402
202407,640244,CLIMBING WALL SESSION,2,106.839,106.441,0.166,0.13,0.134
202407,640303,FOREIGN HOLIDAYS-INSURANCE,2,104.619,104.337,0.215,0.84,0.173
202407,640304,FOREIGN HOLIDAYS-LATE BOOKING,2,99.536,99.073,4.663,6.72,3.764
202407,640305,FOREIGN HOLIDAYS-SELF CATERING,2,103.869,103.73,8.452,12.18,6.822
202407,640306,FOREIGN HOLIDAYS-HOTELS,2,102.451,102.225,9.909,14.28,7.998
202407,640307,FOREIGN HOLIDAYS-CRUISES,2,101.435,100.636,3.497,5.04,2.823
202407,640308,FOREIGN HOLIDAYS-CITY BREAKS,2,100.36,99.888,1.749,2.52,1.411
202407,640309,FOREIGN HOLIDAYS-COACH HOLIDAY,2,104.997,104.881,0.291,0.42,0.235
202407,640403,YOUTH HOSTEL ASSOCIATION,1,100.847,100.847,1.053,0.15,0.85
202407,640404,UK HOLIDAYS SELF CATERING,2,99.248,98.53,4.407,5.25,3.558
202407,640405,UK HOLIDAYS-EXCL SELF CATERING,2,102.979,102.517,4.996,7.2,4.033
202407,640406,HOTEL 1 NIGHT PRICE,2,134.105,130.546,9.834,2.4,7.938
202407,640407,CPI ACCOMODATION SERVICE PROXY,1,100.716,100.716,16.391,0,13.23
